endpoint,trial_id,action,t_received_ns,t_ack_set_ns
phone,G_0001,STAND_UP,16345482010259,16345497269616
phone,G_0002,STAND_UP,16345751934930,16345766669553
phone,G_0003,STAND_UP,16346021853507,16346035793608
phone,G_0004,STAND_UP,16346291886146,16346305996089
phone,G_0005,STAND_UP,16346561829671,16346575613732
phone,G_0006,STAND_UP,16346831927309,16346846698181
phone,G_0007,STAND_UP,16347102009843,16347116429678
phone,G_0008,STAND_UP,16347371833890,16347386568617
phone,G_0009,STAND_UP,16347641758196,16347655507987
phone,G_0010,STAND_UP,16347911770679,16347926336137
phone,G_0011,STAND_UP,16348181777953,16348195651701
phone,G_0012,STAND_UP,16348454167388,16348470458660
phone,G_0013,STAND_UP,16348768632330,16348784599856
phone,G_0014,STAND_UP,16349039061319,16349056047999
phone,G_0015,STAND_UP,16349309185258,16349325802776
phone,G_0016,STAND_UP,16349578991702,16349596167963
phone,G_0017,STAND_UP,16349849175380,16349867828813
phone,G_0018,STAND_UP,16350119461453,16350136569122
phone,G_0019,STAND_UP,16350388577957,16350404607096
phone,G_0020,STAND_UP,16350658994966,16350679446920
phone,G_0021,STAND_UP,16350929295258,16350945113514
phone,G_0022,STAND_UP,16351199089410,16351216072184
phone,G_0023,STAND_UP,16351469199235,16351485671026
phone,G_0024,STAND_UP,16351739147708,16351756068869
phone,G_0025,STAND_UP,16352009168837,16352025183080
phone,G_0026,STAND_UP,16352279171580,16352295885920
phone,G_0027,STAND_UP,16352549195937,16352565257004
phone,G_0028,STAND_UP,16352819112536,16352836944676
phone,G_0029,STAND_UP,16353089162727,16353105011087
phone,G_0030,STAND_UP,16353359121720,16353376167411
phone,G_0031,STAND_UP,16353629085766,16353645663545
phone,G_0032,STAND_UP,16353899120644,16353916133106
phone,G_0033,STAND_UP,16354169124690,16354185302526
phone,G_0034,STAND_UP,16354439090454,16354455984167
phone,G_0035,STAND_UP,16354709176061,16354725262700
phone,G_0036,STAND_UP,16354979092035,16354995627731
phone,G_0037,STAND_UP,16355249206808,16355265081418
phone,G_0038,STAND_UP,16355519104657,16355536251075
phone,G_0039,STAND_UP,16355789161410,16355805759137
phone,G_0040,STAND_UP,16356059275715,16356080494170
phone,G_0041,STAND_UP,16356330845992,16356347232471
phone,G_0042,STAND_UP,16356599096829,16356615832106
phone,G_0043,STAND_UP,16356869245508,16356887923575
phone,G_0044,STAND_UP,16357138947109,16357155291297
phone,G_0045,STAND_UP,16357409142506,16357424923367
phone,G_0046,STAND_UP,16357679106865,16357696172659
phone,G_0047,STAND_UP,16357948626593,16357964837657
phone,G_0048,STAND_UP,16358219010634,16358235985075
phone,G_0049,STAND_UP,16358488524633,16358504567991
phone,G_0050,STAND_UP,16358759102110,16358775597025
phone,G_0051,STAND_UP,16359029229799,16359045265501
phone,G_0052,STAND_UP,16359299144159,16359315703500
phone,G_0053,STAND_UP,16359569097475,16359585016356
phone,G_0054,STAND_UP,16359840759315,16359857442040
phone,G_0055,STAND_UP,16360109123431,16360125519598
phone,G_0056,STAND_UP,16360379095862,16360396282489
phone,G_0057,STAND_UP,16360649090533,16360665240348
phone,G_0058,STAND_UP,16360918503283,16360934900283
phone,G_0059,STAND_UP,16361189077531,16361205125889
phone,G_0060,STAND_UP,16361458904078,16361475588002
phone,G_0061,STAND_UP,16361729200100,16361745214083
phone,G_0062,STAND_UP,16361999085970,16362016609363
phone,G_0063,STAND_UP,16362269226316,16362285774824
phone,G_0064,STAND_UP,16362539035051,16362556406050
phone,G_0065,STAND_UP,16362809151179,16362829342042
phone,G_0066,STAND_UP,16363079066424,16363095549256
phone,G_0067,STAND_UP,16363349175937,16363365103671
phone,G_0068,STAND_UP,16363619041755,16363635520941
phone,G_0069,STAND_UP,16363889161372,16363905111867
phone,G_0070,STAND_UP,16364159209532,16364178749725
phone,G_0071,STAND_UP,16364429064413,16364445486621
phone,G_0072,STAND_UP,16364699057677,16364716346750
phone,G_0073,STAND_UP,16364969015474,16364985079092
phone,G_0074,STAND_UP,16365239147435,16365255768911
phone,G_0075,STAND_UP,16365509112522,16365525153172
phone,G_0076,STAND_UP,16365779136047,16365795711326
phone,G_0077,STAND_UP,16366049141655,16366065195899
phone,G_0078,STAND_UP,16366319148774,16366335897280
phone,G_0079,STAND_UP,16366589162247,16366605834816
phone,G_0080,STAND_UP,16366859125928,16366876382971
phone,G_0081,STAND_UP,16367129061694,16367145161353
phone,G_0082,STAND_UP,16367399123968,16367415667945
phone,G_0083,STAND_UP,16367669037442,16367685031738
phone,G_0084,STAND_UP,16367939074769,16367955521143
phone,G_0085,STAND_UP,16368209115220,16368225180453
phone,G_0086,STAND_UP,16368479008278,16368495760170
phone,G_0087,STAND_UP,16368749313310,16368765729841
phone,G_0088,STAND_UP,16369019018870,16369036199298
phone,G_0089,STAND_UP,16369289250829,16369305382468
phone,G_0090,STAND_UP,16369559141179,16369575707187
phone,G_0091,STAND_UP,16369829095225,16369845126031
phone,G_0092,STAND_UP,16370099138906,16370115557312
phone,G_0093,STAND_UP,16370369240815,16370385208185
phone,G_0094,STAND_UP,16370638504089,16370655048430
phone,G_0095,STAND_UP,16370909167919,16370925702834
phone,G_0096,STAND_UP,16371179013320,16371198772001
phone,G_0097,STAND_UP,16371449127053,16371465404210
phone,G_0098,STAND_UP,16371719142244,16371735905803
phone,G_0099,STAND_UP,16371989085770,16372009295903
phone,G_0100,STAND_UP,16372259111274,16372275463014
phone,G_0101,STAND_UP,16372529106258,16372545099877
phone,G_0102,STAND_UP,16372799102075,16372815855633
phone,G_0103,STAND_UP,16373069031434,16373085353487
phone,G_0104,STAND_UP,16373339179593,16373356338876
phone,G_0105,STAND_UP,16373609108431,16373625146008
phone,G_0106,STAND_UP,16373879238518,16373895731975
phone,G_0107,STAND_UP,16374149347094,16374165327275
phone,G_0108,STAND_UP,16374419196350,16374435803035
phone,G_0109,STAND_UP,16374689068418,16374704982559
phone,G_0110,STAND_UP,16374959281160,16374976086332
phone,G_0111,STAND_UP,16375229164374,16375245821996
phone,G_0112,STAND_UP,16375544226134,16375561371198
phone,G_0113,STAND_UP,16375813733102,16375829687711
phone,G_0114,STAND_UP,16376084238132,16376100816224
phone,G_0115,STAND_UP,16376354204210,16376370323400
phone,G_0116,STAND_UP,16376624206589,16376640845045
phone,G_0117,STAND_UP,16376894614120,16376910830341
phone,G_0118,STAND_UP,16377164156245,16377184833352
phone,G_0119,STAND_UP,16377434113312,16377450578853
phone,G_0120,STAND_UP,16377704147202,16377721082581
phone,G_0121,STAND_UP,16377974315569,16377990342260
phone,G_0122,STAND_UP,16378244231231,16378263275127
phone,G_0123,STAND_UP,16378514074185,16378530131136
phone,G_0124,STAND_UP,16378784256198,16378800815435
phone,G_0125,STAND_UP,16379054264567,16379070289331
phone,G_0126,STAND_UP,16379324261061,16379340970818
phone,G_0127,STAND_UP,16379594241461,16379610759241
phone,G_0128,STAND_UP,16379864316861,16379919234879
phone,G_0129,STAND_UP,16380134342313,16380152586323
phone,G_0130,STAND_UP,16380404331620,16380420887316
phone,G_0131,STAND_UP,16380674068326,16380690935112
phone,G_0132,STAND_UP,16380943930915,16380961049834
phone,G_0133,STAND_UP,16381214133292,16381230231285
phone,G_0134,STAND_UP,16381484123485,16381500575224
phone,G_0135,STAND_UP,16381754234092,16381770673435
phone,G_0136,STAND_UP,16382024232982,16382040520088
phone,G_0137,STAND_UP,16382294206091,16382329979015
phone,G_0138,STAND_UP,16382564248418,16382593174285
phone,G_0139,STAND_UP,16382834198663,16382865634450
phone,G_0140,STAND_UP,16383104138387,16383135156418
phone,G_0141,STAND_UP,16383374182277,16383403319600
phone,G_0142,STAND_UP,16383644114501,16383672906724
phone,G_0143,STAND_UP,16383914274744,16383940978709
phone,G_0144,STAND_UP,16384184343164,16384210748123
phone,G_0145,STAND_UP,16384454155390,16384480997895
phone,G_0146,STAND_UP,16384724194957,16384753246395
phone,G_0147,STAND_UP,16384994121035,16385024969953
phone,G_0148,STAND_UP,16385264358048,16385298614114
phone,G_0149,STAND_UP,16385534179544,16385566862399
phone,G_0150,STAND_UP,16385804363380,16385833108312
phone,G_0151,STAND_UP,16386073764152,16386100499992
phone,G_0152,STAND_UP,16386344302359,16386370816951
phone,G_0153,STAND_UP,16386614077293,16386640741884
phone,G_0154,STAND_UP,16386884365555,16386912963770
phone,G_0155,STAND_UP,16387154276165,16387185562787
phone,G_0156,STAND_UP,16387424300211,16387455016214
phone,G_0157,STAND_UP,16387694324466,16387722808880
phone,G_0158,STAND_UP,16387963644614,16387992117570
phone,G_0159,STAND_UP,16388234345215,16388260801579
phone,G_0160,STAND_UP,16388504140983,16388530230788
phone,G_0161,STAND_UP,16388774319350,16388801618777
phone,G_0162,STAND_UP,16389044176732,16389073303534
phone,G_0163,STAND_UP,16389314290256,16389344954280
phone,G_0164,STAND_UP,16389583917432,16389614635674
phone,G_0165,STAND_UP,16389854147934,16389882097718
phone,G_0166,STAND_UP,16390124248646,16390152890818
phone,G_0167,STAND_UP,16390394258578,16390421142541
phone,G_0168,STAND_UP,16390664139501,16390690392534
phone,G_0169,STAND_UP,16390934287400,16390964796999
phone,G_0170,STAND_UP,16391204251447,16391233079242
phone,G_0171,STAND_UP,16391474183984,16391505989505
phone,G_0172,STAND_UP,16391744255165,16391775860793
phone,G_0173,STAND_UP,16392014532229,16392044209077
phone,G_0174,STAND_UP,16392284396851,16392315625035
phone,G_0175,STAND_UP,16392554123817,16392581021634
phone,G_0176,STAND_UP,16392824320205,16392850743444
phone,G_0177,STAND_UP,16393094158681,16393120859261
phone,G_0178,STAND_UP,16393364328090,16393393630671
phone,G_0179,STAND_UP,16393634211096,16393667401342
phone,G_0180,STAND_UP,16393904339777,16393937179297
phone,G_0181,STAND_UP,16394174156169,16394204452906
phone,G_0182,STAND_UP,16394444333183,16394474521171
phone,G_0183,STAND_UP,16394714151971,16394742396648
phone,G_0184,STAND_UP,16394984251798,16395011932158
phone,G_0185,STAND_UP,16395253622206,16395281136943
phone,G_0186,STAND_UP,16395524223381,16395554646315
phone,G_0187,STAND_UP,16395794284094,16395861394681
phone,G_0188,STAND_UP,16396064196006,16396168707936
phone,G_0189,STAND_UP,16396333751777,16396441288516
phone,G_0190,STAND_UP,16396604125038,16396707885882
phone,G_0191,STAND_UP,16396873851953,16396977417643
phone,G_0192,STAND_UP,16397144245995,16397247868612
phone,G_0193,STAND_UP,16397414425613,16397518022448
phone,G_0194,STAND_UP,16397684183152,16397788277482
phone,G_0195,STAND_UP,16397953779026,16398058022469
phone,G_0196,STAND_UP,16398223627918,16398240355227
phone,G_0197,STAND_UP,16398494120709,16398510259692
phone,G_0198,STAND_UP,16398763981789,16398780756233
phone,G_0199,STAND_UP,16399034275103,16399050678562
phone,G_0200,STAND_UP,16399348505051,16399364830333
phone,G_0201,STAND_UP,16399619084612,16399637758044
phone,G_0202,STAND_UP,16399889266729,16399905911956
phone,G_0203,STAND_UP,16400159153746,16400176119698
phone,G_0204,STAND_UP,16400429251334,16400446158849
phone,G_0205,STAND_UP,16400699125122,16400715362280
phone,G_0206,STAND_UP,16400969091460,16400985550803
phone,G_0207,STAND_UP,16401239136653,16401255577819
phone,G_0208,STAND_UP,16401509098148,16401525411920
phone,G_0209,STAND_UP,16401779188965,16401799450712
phone,G_0210,STAND_UP,16402049369989,16402065784697
phone,G_0211,STAND_UP,16402319240600,16402336183531
phone,G_0212,STAND_UP,16402589106158,16402605834092
phone,G_0213,STAND_UP,16402859240621,16402875494601
phone,G_0214,STAND_UP,16403129095242,16403145434534
phone,G_0215,STAND_UP,16403399211111,16403415679412
phone,G_0216,STAND_UP,16403669176148,16403685427003
phone,G_0217,STAND_UP,16403939118424,16403955279385
phone,G_0218,STAND_UP,16404209177366,16404225804780
phone,G_0219,STAND_UP,16404478950374,16404495791953
phone,G_0220,STAND_UP,16404749022910,16404765846207
phone,G_0221,STAND_UP,16405019068623,16405035369739
phone,G_0222,STAND_UP,16405289314803,16405305769146
phone,G_0223,STAND_UP,16405559144008,16405575689965
phone,G_0224,STAND_UP,16405829279929,16405845538649
phone,G_0225,STAND_UP,16406099132988,16406115266293
phone,G_0226,STAND_UP,16406369280679,16406385985175
phone,G_0227,STAND_UP,16406639121655,16406658730181
phone,G_0228,STAND_UP,16406909242055,16406926154309
phone,G_0229,STAND_UP,16407179092666,16407199518109
phone,G_0230,STAND_UP,16407449248847,16407465481161
phone,G_0231,STAND_UP,16407719107166,16407735560259
phone,G_0232,STAND_UP,16407989159598,16408005287851
phone,G_0233,STAND_UP,16408259088646,16408275264190
phone,G_0234,STAND_UP,16408529127328,16408545645733
phone,G_0235,STAND_UP,16408799247780,16408816212586
phone,G_0236,STAND_UP,16409069102610,16409086011323
phone,G_0237,STAND_UP,16409339248270,16409355416419
phone,G_0238,STAND_UP,16409609125183,16409625583433
phone,G_0239,STAND_UP,16409879679901,16409896323513
phone,G_0240,STAND_UP,16410149334369,16410165815847
phone,G_0241,STAND_UP,16410419260344,16410435405003
phone,G_0242,STAND_UP,16410689321838,16410708426203
phone,G_0243,STAND_UP,16410959211356,16410975623668
phone,G_0244,STAND_UP,16411229234205,16411245956409
phone,G_0245,STAND_UP,16411499104243,16411515639366
phone,G_0246,STAND_UP,16411769261622,16411786111221
phone,G_0247,STAND_UP,16412039155462,16412055616211
phone,G_0248,STAND_UP,16412309211800,16412325635102
phone,G_0249,STAND_UP,16412579127046,16412595394568
phone,G_0250,STAND_UP,16412849273696,16412865403980
phone,G_0251,STAND_UP,16413119089151,16413135454329
phone,G_0252,STAND_UP,16413389221374,16413405964047
phone,G_0253,STAND_UP,16413659085059,16413678349422
phone,G_0254,STAND_UP,16413929357957,16413946217035
phone,G_0255,STAND_UP,16414199056955,16414216494204
phone,G_0256,STAND_UP,16414469248084,16414486121120
phone,G_0257,STAND_UP,16414739059060,16414755558038
phone,G_0258,STAND_UP,16415009121805,16415025626460
phone,G_0259,STAND_UP,16415279057728,16415296157376
phone,G_0260,STAND_UP,16415549057504,16415567634584
phone,G_0261,STAND_UP,16415819238529,16415835438812
phone,G_0262,STAND_UP,16416089379606,16416105987801
phone,G_0263,STAND_UP,16416359214540,16416375843934
phone,G_0264,STAND_UP,16416629123276,16416645849908
phone,G_0265,STAND_UP,16416899211177,16416915650156
phone,G_0266,STAND_UP,16417169056632,16417185505194
phone,G_0267,STAND_UP,16417439164741,16417455403045
phone,G_0268,STAND_UP,16417709074883,16417725280531
phone,G_0269,STAND_UP,16417979277939,16417995582231
phone,G_0270,STAND_UP,16418249124331,16418265763204
phone,G_0271,STAND_UP,16418519056817,16418535735845
phone,G_0272,STAND_UP,16418789065448,16418806053743
phone,G_0273,STAND_UP,16419059094495,16419075589619
phone,G_0274,STAND_UP,16419329287394,16419345780070
phone,G_0275,STAND_UP,16419599094413,16419615391205
phone,G_0276,STAND_UP,16419869316687,16419885539939
phone,G_0277,STAND_UP,16420139106622,16420155456852
phone,G_0278,STAND_UP,16420409281136,16420426018132
phone,G_0279,STAND_UP,16420679071592,16420698370121
phone,G_0280,STAND_UP,16420949268294,16420983615140
phone,G_0281,STAND_UP,16421219105937,16421235457625
phone,G_0282,STAND_UP,16421489079464,16421505473547
phone,G_0283,STAND_UP,16421759125334,16421775351763
phone,G_0284,STAND_UP,16422029352608,16422045439924
phone,G_0285,STAND_UP,16422299138272,16422315522616
phone,G_0286,STAND_UP,16422569074612,16422585657912
phone,G_0287,STAND_UP,16422839214491,16422855843468
phone,G_0288,STAND_UP,16423109140936,16423126176209
phone,G_0289,STAND_UP,16423379200034,16423397715344
phone,G_0290,STAND_UP,16423648607787,16423664737290
phone,G_0291,STAND_UP,16423919183390,16423935348622
phone,G_0292,STAND_UP,16424189144365,16424205281785
phone,G_0293,STAND_UP,16424459173048,16424475332342
phone,G_0294,STAND_UP,16424729157564,16424745720552
phone,G_0295,STAND_UP,16424999073592,16425015595591
phone,G_0296,STAND_UP,16425269219878,16425286081820
phone,G_0297,STAND_UP,16425539096739,16425555278377
phone,G_0298,STAND_UP,16425809163599,16425826108301
phone,G_0299,STAND_UP,16426079275978,16426095539334
phone,G_0300,STAND_UP,16426349427420,16426365746660
phone,G_0301,STAND_UP,16426619117513,16426635352952
phone,G_0302,STAND_UP,16426889327652,16426906002669
phone,G_0303,STAND_UP,16427159082067,16427175769063
phone,G_0304,STAND_UP,16427429307831,16427446090087
phone,G_0305,STAND_UP,16427699127557,16427715518672
phone,G_0306,STAND_UP,16427969326082,16427988580081
phone,G_0307,STAND_UP,16428239179090,16428255515726
phone,G_0308,STAND_UP,16428509200220,16428527857142
phone,G_0309,STAND_UP,16428779112082,16428795176533
phone,G_0310,STAND_UP,16429049101129,16429065647242
phone,G_0311,STAND_UP,16429319262571,16429335883683
phone,G_0312,STAND_UP,16429589052038,16429605774711
phone,G_0313,STAND_UP,16429859700141,16429875973548
phone,G_0314,STAND_UP,16430129249194,16430145740932
phone,G_0315,STAND_UP,16430399245533,16430415454931
phone,G_0316,STAND_UP,16430714281305,16430730509037
phone,G_0317,STAND_UP,16430984370821,16431000436731
phone,G_0318,STAND_UP,16431254219714,16431271034522
phone,G_0319,STAND_UP,16431523947098,16431540563158
phone,G_0320,STAND_UP,16431794013489,16431811041107
phone,G_0321,STAND_UP,16432064338523,16432080655836
phone,G_0322,STAND_UP,16432334306529,16432350909308
phone,G_0323,STAND_UP,16432604275213,16432620523881
phone,G_0324,STAND_UP,16432874320614,16432890646209
phone,G_0325,STAND_UP,16433144304818,16433160517029
phone,G_0326,STAND_UP,16433414271992,16433431108310
phone,G_0327,STAND_UP,16433684247654,16433700792101
phone,G_0328,STAND_UP,16433954389878,16433973898925
phone,G_0329,STAND_UP,16434224475279,16434240741551
phone,G_0330,STAND_UP,16434494286620,16434510739505
phone,G_0331,STAND_UP,16434764308428,16434780937352
phone,G_0332,STAND_UP,16435034168047,16435053258345
phone,G_0333,STAND_UP,16435304352398,16435320540647
phone,G_0334,STAND_UP,16435574186352,16435590449103
phone,G_0335,STAND_UP,16435844358372,16435860292222
phone,G_0336,STAND_UP,16436114247010,16436130981266
phone,G_0337,STAND_UP,16436384359761,16436400963289
phone,G_0338,STAND_UP,16436654150016,16436671109790
phone,G_0339,STAND_UP,16436924315527,16436940534008
phone,G_0340,STAND_UP,16437194096147,16437210700352
phone,G_0341,STAND_UP,16437464297595,16437480553524
phone,G_0342,STAND_UP,16437734109986,16437750461643
phone,G_0343,STAND_UP,16438004339612,16438020483146
phone,G_0344,STAND_UP,16438274136170,16438290984331
phone,G_0345,STAND_UP,16438544263662,16438560870211
phone,G_0346,STAND_UP,16438813616842,16438830450888
phone,G_0347,STAND_UP,16439084338701,16439100589630
phone,G_0348,STAND_UP,16439354274738,16439373301567
phone,G_0349,STAND_UP,16439624180306,16439640527068
phone,G_0350,STAND_UP,16439894311029,16439910439043
phone,G_0351,STAND_UP,16440164430345,16440180555182
phone,G_0352,STAND_UP,16440434268780,16440450975693
phone,G_0353,STAND_UP,16440704227370,16440720792097
phone,G_0354,STAND_UP,16440974264865,16440991234014
phone,G_0355,STAND_UP,16441244214601,16441260448291
phone,G_0356,STAND_UP,16441514198400,16441534450786
phone,G_0357,STAND_UP,16441784155012,16441802466278
phone,G_0358,STAND_UP,16442054269174,16442073762508
phone,G_0359,STAND_UP,16442324186828,16442340382758
phone,G_0360,STAND_UP,16442594146669,16442610955664
phone,G_0361,STAND_UP,16442864371456,16442880829049
phone,G_0362,STAND_UP,16443134132186,16443151097793
phone,G_0363,STAND_UP,16443404415617,16443420494778
phone,G_0364,STAND_UP,16443674085829,16443690698680
phone,G_0365,STAND_UP,16443944470822,16443960865083
phone,G_0366,STAND_UP,16444214174106,16444230470555
phone,G_0367,STAND_UP,16444484348425,16444500323213
phone,G_0368,STAND_UP,16444754110928,16444771051171
phone,G_0369,STAND_UP,16445024207384,16445040750133
phone,G_0370,STAND_UP,16445294117906,16445311213199
phone,G_0371,STAND_UP,16445564338632,16445580538937
phone,G_0372,STAND_UP,16445834140718,16445850941536
phone,G_0373,STAND_UP,16446104474412,16446120565708
phone,G_0374,STAND_UP,16446374259103,16446390614198
phone,G_0375,STAND_UP,16446644340249,16446660422587
phone,G_0376,STAND_UP,16446914250303,16446956696197
phone,G_0377,STAND_UP,16447184310096,16447219634730
phone,G_0378,STAND_UP,16447454357076,16447485666347
phone,G_0379,STAND_UP,16447724243329,16447752605921
phone,G_0380,STAND_UP,16447994233332,16448022644568
phone,G_0381,STAND_UP,16448264263073,16448290382778
phone,G_0382,STAND_UP,16448534099901,16448560393249
phone,G_0383,STAND_UP,16448804233339,16448830217004
phone,G_0384,STAND_UP,16449074332456,16449105348241
phone,G_0385,STAND_UP,16449344283189,16449375377463
phone,G_0386,STAND_UP,16449614155694,16449645372154
phone,G_0387,STAND_UP,16449884330227,16449912852452
phone,G_0388,STAND_UP,16450154369814,16450183805881
phone,G_0389,STAND_UP,16450424330391,16450451084098
phone,G_0390,STAND_UP,16450694123263,16450720764107
phone,G_0391,STAND_UP,16450964337432,16450990626406
phone,G_0392,STAND_UP,16451234088690,16451263438821
phone,G_0393,STAND_UP,16451504308224,16451536181290
phone,G_0394,STAND_UP,16451774254689,16451805703437
phone,G_0395,STAND_UP,16452044470837,16452072553693
phone,G_0396,STAND_UP,16452314280273,16452342707603
phone,G_0397,STAND_UP,16452584264810,16452614493523
phone,G_0398,STAND_UP,16452854397367,16452880616290
phone,G_0399,STAND_UP,16453124211127,16453150417706
phone,G_0400,STAND_UP,16453439222046,16453469766223
phone,G_0401,STAND_UP,16453709378353,16453740323671
phone,G_0402,STAND_UP,16453979164405,16454010047328
phone,G_0403,STAND_UP,16454249258057,16454277051803
phone,G_0404,STAND_UP,16454519189629,16454547374411
phone,G_0405,STAND_UP,16454789250366,16454815180282
phone,G_0406,STAND_UP,16455059134855,16455085125708
phone,G_0407,STAND_UP,16455329221685,16455355765655
phone,G_0408,STAND_UP,16455599111331,16455628395421
phone,G_0409,STAND_UP,16455869325556,16455901072583
phone,G_0410,STAND_UP,16456139101923,16456170740200
phone,G_0411,STAND_UP,16456409246045,16456440646201
phone,G_0412,STAND_UP,16456679123973,16456708161817
phone,G_0413,STAND_UP,16456949237263,16456975542070
phone,G_0414,STAND_UP,16457219091390,16457245520362
phone,G_0415,STAND_UP,16457489225513,16457515260115
phone,G_0416,STAND_UP,16457759125786,16457788685966
phone,G_0417,STAND_UP,16458029334544,16458065468179
phone,G_0418,STAND_UP,16458299141068,16458332441772
phone,G_0419,STAND_UP,16458569091237,16458599536510
phone,G_0420,STAND_UP,16458839214684,16458870016203
phone,G_0421,STAND_UP,16459109102667,16459136876621
phone,G_0422,STAND_UP,16459379243406,16459406866581
phone,G_0423,STAND_UP,16459649092066,16459676909458
phone,G_0424,STAND_UP,16459919174630,16459949967659
phone,G_0425,STAND_UP,16460189284173,16460223065392
phone,G_0426,STAND_UP,16460459252103,16460552514512
phone,G_0427,STAND_UP,16460729250606,16460832912096
phone,G_0428,STAND_UP,16460999101403,16461103348979
phone,G_0429,STAND_UP,16461269208447,16461372899051
phone,G_0430,STAND_UP,16461539146951,16461643030783
phone,G_0431,STAND_UP,16461809157955,16461912746113
phone,G_0432,STAND_UP,16462079059482,16462183589711
phone,G_0433,STAND_UP,16462349191578,16462453219314
phone,G_0434,STAND_UP,16462619051907,16462688715255
phone,G_0435,STAND_UP,16462889301034,16462905348374
phone,G_0436,STAND_UP,16463159093448,16463175836091
phone,G_0437,STAND_UP,16463433272627,16463456227583
phone,G_0438,STAND_UP,16463699253738,16463715561283
phone,G_0439,STAND_UP,16463969404169,16463985328021
phone,G_0440,STAND_UP,16464239162054,16464255769854
phone,G_0441,STAND_UP,16464509307537,16464525833516
phone,G_0442,STAND_UP,16464779255211,16464796214101
phone,G_0443,STAND_UP,16465049319550,16465065432150
phone,G_0444,STAND_UP,16465319252277,16465335638310
phone,G_0445,STAND_UP,16465589178181,16465605375675
phone,G_0446,STAND_UP,16465859255438,16465875639075
phone,G_0447,STAND_UP,16466129288216,16466145301858
phone,G_0448,STAND_UP,16466399263547,16466415889576
phone,G_0449,STAND_UP,16466669205910,16466685775274
phone,G_0450,STAND_UP,16466939296813,16466956357473
phone,G_0451,STAND_UP,16467209257145,16467225457399
phone,G_0452,STAND_UP,16467479281383,16467495770383
phone,G_0453,STAND_UP,16467749170258,16467765433689
phone,G_0454,STAND_UP,16468019322255,16468035702455
phone,G_0455,STAND_UP,16468289223474,16468305278939
phone,G_0456,STAND_UP,16468559121360,16468577546950
phone,G_0457,STAND_UP,16468829171068,16468845476685
phone,G_0458,STAND_UP,16469099259941,16469116212738
phone,G_0459,STAND_UP,16469369149807,16469385084336
phone,G_0460,STAND_UP,16469639142329,16469655688933
phone,G_0461,STAND_UP,16469909254901,16469925240887
phone,G_0462,STAND_UP,16470179337265,16470195637154
phone,G_0463,STAND_UP,16470449304370,16470467849073
phone,G_0464,STAND_UP,16470719130906,16470736210680
phone,G_0465,STAND_UP,16470989319780,16471005732479
phone,G_0466,STAND_UP,16471259129805,16471276235307
phone,G_0467,STAND_UP,16471529281856,16471545312269
phone,G_0468,STAND_UP,16471799143288,16471815943430
phone,G_0469,STAND_UP,16472069391224,16472086608705
phone,G_0470,STAND_UP,16472382635207,16472398458227
phone,G_0471,STAND_UP,16472654087347,16472670132500
phone,G_0472,STAND_UP,16472924173204,16472940793088
phone,G_0473,STAND_UP,16473194246664,16473210307025
phone,G_0474,STAND_UP,16473464323719,16473480489130
phone,G_0475,STAND_UP,16473734293848,16473750190096
phone,G_0476,STAND_UP,16474004380903,16474021162869
phone,G_0477,STAND_UP,16474274451240,16474291053156
phone,G_0478,STAND_UP,16474544305902,16474561197294
phone,G_0479,STAND_UP,16474814280616,16474830267488
phone,G_0480,STAND_UP,16475084190122,16475100867454
phone,G_0481,STAND_UP,16475355599661,16475371798457
phone,G_0482,STAND_UP,16475623601276,16475639632158
phone,G_0483,STAND_UP,16475894253377,16475910263166
phone,G_0484,STAND_UP,16476164379184,16476181283752
phone,G_0485,STAND_UP,16476434307128,16476450936127
phone,G_0486,STAND_UP,16476704258562,16476721184068
phone,G_0487,STAND_UP,16476974330568,16476994653737
phone,G_0488,STAND_UP,16477244207785,16477260744650
phone,G_0489,STAND_UP,16477514249114,16477532979179
phone,G_0490,STAND_UP,16477784290132,16477800473928
phone,G_0491,STAND_UP,16478054253285,16478070111722
phone,G_0492,STAND_UP,16478324256491,16478341001791
phone,G_0493,STAND_UP,16478594132927,16478610635314
phone,G_0494,STAND_UP,16478864272538,16478881030390
phone,G_0495,STAND_UP,16479134214703,16479150266679
phone,G_0496,STAND_UP,16479404344575,16479421123832
phone,G_0497,STAND_UP,16479674116899,16479690226843
phone,G_0498,STAND_UP,16479944305885,16479960626555
phone,G_0499,STAND_UP,16480214070294,16480230041906
phone,G_0500,STAND_UP,16480484358341,16480501226452
phone,G_0501,STAND_UP,16480754094625,16480770806696
phone,G_0502,STAND_UP,16481068502872,16481085310984
phone,G_0503,STAND_UP,16481338561184,16481354584618
phone,G_0504,STAND_UP,16481609156311,16481625966975
phone,G_0505,STAND_UP,16481879128375,16481895455816
phone,G_0506,STAND_UP,16482149309237,16482165643501
phone,G_0507,STAND_UP,16482419381195,16482439476347
phone,G_0508,STAND_UP,16482689081076,16482706016165
phone,G_0509,STAND_UP,16482959207721,16482975873387
phone,G_0510,STAND_UP,16483229040048,16483245873940
phone,G_0511,STAND_UP,16483499200235,16483515419031
phone,G_0512,STAND_UP,16483769065686,16483785758279
phone,G_0513,STAND_UP,16484039323321,16484057095795
phone,G_0514,STAND_UP,16484309088930,16484325323560
phone,G_0515,STAND_UP,16484579180890,16484595234012
phone,G_0516,STAND_UP,16484849099623,16484868691396
phone,G_0517,STAND_UP,16485119079397,16485135647616
phone,G_0518,STAND_UP,16485389125629,16485406000771
phone,G_0519,STAND_UP,16485659085925,16485675262378
phone,G_0520,STAND_UP,16485928715392,16485945144290
phone,G_0521,STAND_UP,16486199127765,16486215377811
phone,G_0522,STAND_UP,16486469266132,16486485512949
phone,G_0523,STAND_UP,16486739071170,16486755172364
phone,G_0524,STAND_UP,16487009282714,16487026245772
phone,G_0525,STAND_UP,16487279075617,16487295725554
phone,G_0526,STAND_UP,16487550849641,16487567869260
phone,G_0527,STAND_UP,16487819043243,16487839266466
phone,G_0528,STAND_UP,16488089358952,16488106117169
phone,G_0529,STAND_UP,16488359103941,16488375241592
phone,G_0530,STAND_UP,16488629275382,16488645460429
phone,G_0531,STAND_UP,16488899118495,16488915283750
phone,G_0532,STAND_UP,16489169248166,16489186102371
phone,G_0533,STAND_UP,16489439186746,16489455718872
phone,G_0534,STAND_UP,16489709158087,16489726011823
phone,G_0535,STAND_UP,16489979235780,16489995428692
phone,G_0536,STAND_UP,16490249201392,16490265924245
phone,G_0537,STAND_UP,16490519206327,16490535534497
phone,G_0538,STAND_UP,16490789127617,16490805358028
phone,G_0539,STAND_UP,16491059172499,16491075285516
phone,G_0540,STAND_UP,16491329188945,16491346073566
phone,G_0541,STAND_UP,16491599203620,16491615910066
phone,G_0542,STAND_UP,16491869063401,16491888693820
phone,G_0543,STAND_UP,16492139136357,16492155388903
phone,G_0544,STAND_UP,16492409114470,16492426175444
phone,G_0545,STAND_UP,16492679117115,16492697605987
phone,G_0546,STAND_UP,16492949281737,16492965591419
phone,G_0547,STAND_UP,16493219085010,16493235032404
phone,G_0548,STAND_UP,16493489239476,16493505799310
phone,G_0549,STAND_UP,16493759163113,16493775692322
phone,G_0550,STAND_UP,16494029305965,16494046166629
phone,G_0551,STAND_UP,16494299195435,16494315481731
phone,G_0552,STAND_UP,16494569271622,16494585713854
phone,G_0553,STAND_UP,16494839135312,16494855296350
phone,G_0554,STAND_UP,16495109171552,16495125524306
phone,G_0555,STAND_UP,16495379142533,16495395234977
phone,G_0556,STAND_UP,16495649186898,16495665868971
phone,G_0557,STAND_UP,16495919107880,16495935664590
phone,G_0558,STAND_UP,16496189121726,16496206081190
phone,G_0559,STAND_UP,16496459214632,16496475541397
phone,G_0560,STAND_UP,16496729193791,16496745721959
phone,G_0561,STAND_UP,16496999146336,16497015341071
phone,G_0562,STAND_UP,16497268993622,16497285378927
phone,G_0563,STAND_UP,16497539145696,16497555338347
phone,G_0564,STAND_UP,16497809114647,16497825873177
phone,G_0565,STAND_UP,16498079219795,16498099903169
phone,G_0566,STAND_UP,16498349106977,16498365998890
phone,G_0567,STAND_UP,16498619128481,16498635250456
phone,G_0568,STAND_UP,16498889270400,16498908479470
phone,G_0569,STAND_UP,16499159073052,16499175239819
phone,G_0570,STAND_UP,16499429371532,16499445687567
phone,G_0571,STAND_UP,16499699109967,16499715188714
phone,G_0572,STAND_UP,16499969242199,16499985847085
phone,G_0573,STAND_UP,16500239582502,16500256284574
phone,G_0574,STAND_UP,16500554261754,16500571277884
phone,G_0575,STAND_UP,16500824214302,16500840444505
phone,G_0576,STAND_UP,16501094258098,16501110901213
phone,G_0577,STAND_UP,16501364160856,16501380408507
phone,G_0578,STAND_UP,16501634015541,16501650454856
phone,G_0579,STAND_UP,16501904257773,16501920393551
phone,G_0580,STAND_UP,16502174168448,16502191011872
phone,G_0581,STAND_UP,16502444297297,16502460858173
phone,G_0582,STAND_UP,16502714136827,16502731503109
phone,G_0583,STAND_UP,16502984337290,16503007204021
phone,G_0584,STAND_UP,16503253565109,16503269870104
phone,G_0585,STAND_UP,16503524308691,16503540768214
phone,G_0586,STAND_UP,16503794125514,16503811162842
phone,G_0587,STAND_UP,16504108561960,16504125419395
phone,G_0588,STAND_UP,16504379099763,16504395969333
phone,G_0589,STAND_UP,16504649171375,16504665283820
phone,G_0590,STAND_UP,16504918934554,16504935618397
phone,G_0591,STAND_UP,16505189039238,16505205138298
phone,G_0592,STAND_UP,16505459221839,16505475571780
phone,G_0593,STAND_UP,16505729152360,16505745035433
phone,G_0594,STAND_UP,16505999330482,16506019837921
phone,G_0595,STAND_UP,16506269198243,16506285698079
phone,G_0596,STAND_UP,16506539199910,16506556286717
phone,G_0597,STAND_UP,16506809096474,16506825164440
phone,G_0598,STAND_UP,16507078753249,16507095071160
phone,G_0599,STAND_UP,16507349071683,16507365170951
phone,G_0600,STAND_UP,16507619131474,16507635522614
phone,G_0601,STAND_UP,16507889313244,16507907348997
phone,G_0602,STAND_UP,16508159132362,16508175935631
phone,G_0603,STAND_UP,16508429153508,16508445648761
phone,G_0604,STAND_UP,16508699121792,16508715951884
phone,G_0605,STAND_UP,16508969308354,16508985580849
phone,G_0606,STAND_UP,16509239118670,16509255622412
phone,G_0607,STAND_UP,16509509239400,16509525201639
phone,G_0608,STAND_UP,16509779061071,16509795338046
phone,G_0609,STAND_UP,16510049280029,16510065294507
phone,G_0610,STAND_UP,16510319042952,16510335534871
phone,G_0611,STAND_UP,16510589276806,16510605909296
phone,G_0612,STAND_UP,16510859127645,16510876155182
phone,G_0613,STAND_UP,16511129145252,16511145189104
phone,G_0614,STAND_UP,16511399072600,16511415553842
phone,G_0615,STAND_UP,16511669053646,16511685265621
phone,G_0616,STAND_UP,16511939027765,16511955548538
phone,G_0617,STAND_UP,16512209150111,16512225122715
phone,G_0618,STAND_UP,16512479129856,16512495858230
phone,G_0619,STAND_UP,16512749145798,16512765758549
phone,G_0620,STAND_UP,16513019336477,16513039351423
phone,G_0621,STAND_UP,16513289102267,16513305035756
phone,G_0622,STAND_UP,16513559191854,16513575931531
phone,G_0623,STAND_UP,16513829195349,16513845671800
phone,G_0624,STAND_UP,16514099270927,16514116395703
phone,G_0625,STAND_UP,16514369098591,16514385181974
phone,G_0626,STAND_UP,16514639128858,16514655606715
phone,G_0627,STAND_UP,16514954242336,16514970482071
phone,G_0628,STAND_UP,16515224178541,16515240483328
phone,G_0629,STAND_UP,16515494240474,16515510261827
phone,G_0630,STAND_UP,16515764111369,16515780765526
phone,G_0631,STAND_UP,16516034262676,16516050982405
phone,G_0632,STAND_UP,16516304415494,16516321304960
phone,G_0633,STAND_UP,16516574225139,16516590557686
phone,G_0634,STAND_UP,16516844211085,16516860661599
phone,G_0635,STAND_UP,16517114237655,16517130459943
phone,G_0636,STAND_UP,16517384191206,16517400543909
phone,G_0637,STAND_UP,16517654103507,16517670199234
phone,G_0638,STAND_UP,16517924192161,16517943320765
phone,G_0639,STAND_UP,16518194254096,16518210940961
phone,G_0640,STAND_UP,16518464272022,16518481109562
phone,G_0641,STAND_UP,16518734251198,16518750327498
phone,G_0642,STAND_UP,16519004331936,16519020776825
phone,G_0643,STAND_UP,16519274353664,16519290466005
phone,G_0644,STAND_UP,16519544297789,16519560596326
phone,G_0645,STAND_UP,16519814149260,16519830121603
phone,G_0646,STAND_UP,16520084277342,16520100910405
phone,G_0647,STAND_UP,16520354113292,16520373411685
phone,G_0648,STAND_UP,16520624316894,16520641230892
phone,G_0649,STAND_UP,16520894194928,16520910415601
phone,G_0650,STAND_UP,16521164165512,16521180705035
phone,G_0651,STAND_UP,16521434225471,16521450510310
phone,G_0652,STAND_UP,16521704096318,16521720488707
phone,G_0653,STAND_UP,16521974273567,16521990421220
phone,G_0654,STAND_UP,16522244219413,16522260811123
phone,G_0655,STAND_UP,16522514207446,16522530978060
phone,G_0656,STAND_UP,16522784175845,16522801157706
phone,G_0657,STAND_UP,16523054287627,16523070552154
phone,G_0658,STAND_UP,16523324289931,16523343041040
phone,G_0659,STAND_UP,16523594154061,16523610291663
phone,G_0660,STAND_UP,16523864326572,16523880543912
phone,G_0661,STAND_UP,16524134289972,16524150242576
phone,G_0662,STAND_UP,16524404229257,16524420847686
phone,G_0663,STAND_UP,16524674077294,16524690786294
phone,G_0664,STAND_UP,16524944264025,16524961141408
phone,G_0665,STAND_UP,16525214116958,16525230298517
phone,G_0666,STAND_UP,16525484241970,16525500752171
phone,G_0667,STAND_UP,16525754357140,16525770557970
phone,G_0668,STAND_UP,16526024390697,16526040738244
phone,G_0669,STAND_UP,16526294116497,16526310148370
phone,G_0670,STAND_UP,16526564261666,16526580875929
phone,G_0671,STAND_UP,16526834213766,16526851027245
phone,G_0672,STAND_UP,16527148493360,16527165401681
phone,G_0673,STAND_UP,16527418570823,16527437095164
phone,G_0674,STAND_UP,16527689124322,16527705574472
phone,G_0675,STAND_UP,16527959104443,16527975554801
phone,G_0676,STAND_UP,16528229153938,16528245476850
phone,G_0677,STAND_UP,16528499312442,16528517667984
phone,G_0678,STAND_UP,16528769129077,16528785574018
phone,G_0679,STAND_UP,16529039224458,16529055975541
phone,G_0680,STAND_UP,16529309094425,16529325886862
phone,G_0681,STAND_UP,16529579132879,16529595305220
phone,G_0682,STAND_UP,16529849173157,16529865503726
phone,G_0683,STAND_UP,16530119240154,16530135506660
phone,G_0684,STAND_UP,16530389132621,16530405352931
phone,G_0685,STAND_UP,16530659140869,16530675265138
phone,G_0686,STAND_UP,16530929199169,16530945649631
phone,G_0687,STAND_UP,16531199066741,16531215734337
phone,G_0688,STAND_UP,16531469193894,16531511514749
phone,G_0689,STAND_UP,16531739032874,16531767857915
phone,G_0690,STAND_UP,16532009226798,16532037868768
phone,G_0691,STAND_UP,16532279041143,16532305493610
phone,G_0692,STAND_UP,16532549250014,16532575186499
phone,G_0693,STAND_UP,16532819111651,16532845203290
phone,G_0694,STAND_UP,16533089276045,16533117763017
phone,G_0695,STAND_UP,16533359023985,16533390490918
phone,G_0696,STAND_UP,16533629198118,16533660235474
phone,G_0697,STAND_UP,16533899017465,16533931725059
phone,G_0698,STAND_UP,16534169251129,16534197459251
phone,G_0699,STAND_UP,16534439053757,16534467769580
phone,G_0700,STAND_UP,16534709144351,16534735272916
phone,G_0701,STAND_UP,16534979118644,16535006035532
phone,G_0702,STAND_UP,16535249232414,16535278228703
phone,G_0703,STAND_UP,16535519169833,16535550794369
phone,G_0704,STAND_UP,16535834158957,16535866091614
phone,G_0705,STAND_UP,16536149346516,16536178328430
phone,G_0706,STAND_UP,16536419120812,16536447865854
phone,G_0707,STAND_UP,16536689113805,16536715464763
phone,G_0708,STAND_UP,16536959001382,16536985262758
phone,G_0709,STAND_UP,16537229021822,16537254927161
phone,G_0710,STAND_UP,16537499226270,16537528093029
phone,G_0711,STAND_UP,16537769085983,16537800529011
phone,G_0712,STAND_UP,16538039129184,16538072162087
phone,G_0713,STAND_UP,16538309229311,16538337516130
phone,G_0714,STAND_UP,16538579110431,16538607387250
phone,G_0715,STAND_UP,16538849248214,16538875261678
phone,G_0716,STAND_UP,16539119131106,16539144985613
phone,G_0717,STAND_UP,16539389164255,16539418927357
phone,G_0718,STAND_UP,16539658966835,16539686505435
phone,G_0719,STAND_UP,16539929109620,16539960437181
phone,G_0720,STAND_UP,16540198981574,16540230678505
phone,G_0721,STAND_UP,16540469143160,16540498181272
phone,G_0722,STAND_UP,16540739055167,16540768208746
phone,G_0723,STAND_UP,16541009141651,16541035929219
phone,G_0724,STAND_UP,16541279151104,16541305502897
phone,G_0725,STAND_UP,16541549221182,16541578069974
phone,G_0726,STAND_UP,16541819085638,16541848145885
phone,G_0727,STAND_UP,16542089276757,16542120883533
phone,G_0728,STAND_UP,16542358994652,16542390911112
phone,G_0729,STAND_UP,16542629237125,16542658624816
phone,G_0730,STAND_UP,16542899141269,16542929620612
phone,G_0731,STAND_UP,16543169193327,16543197303951
phone,G_0732,STAND_UP,16543439204189,16543467399916
phone,G_0733,STAND_UP,16543708931461,16543736814275
phone,G_0734,STAND_UP,16543979527627,16544029884212
phone,G_0735,STAND_UP,16544249109328,16544276871102
phone,G_0736,STAND_UP,16544519114982,16544549721876
phone,G_0737,STAND_UP,16544789071054,16544855377743
phone,G_0738,STAND_UP,16545059129728,16545163682223
phone,G_0739,STAND_UP,16545329263089,16545432966116
phone,G_0740,STAND_UP,16545599166298,16545703209216
phone,G_0741,STAND_UP,16545869098464,16545972630868
phone,G_0742,STAND_UP,16546139219743,16546243094850
phone,G_0743,STAND_UP,16546409133785,16546512611293
phone,G_0744,STAND_UP,16546679127357,16546783344804
phone,G_0745,STAND_UP,16546949237491,16547053351137
phone,G_0746,STAND_UP,16547219120909,16547236259124
phone,G_0747,STAND_UP,16547489035108,16547505232345
phone,G_0748,STAND_UP,16547759035296,16547775555602
phone,G_0749,STAND_UP,16548029332303,16548045426000
phone,G_0750,STAND_UP,16548299042547,16548315600925
phone,G_0751,STAND_UP,16548569258670,16548585353877
phone,G_0752,STAND_UP,16548839031986,16548866182467
phone,G_0753,STAND_UP,16549109315765,16549125160299
phone,G_0754,STAND_UP,16549379107988,16549395812354
phone,G_0755,STAND_UP,16549649213801,16549665630462
phone,G_0756,STAND_UP,16549919051336,16549935904919
phone,G_0757,STAND_UP,16550189328501,16550205321835
phone,G_0758,STAND_UP,16550459015570,16550475667124
phone,G_0759,STAND_UP,16550729104613,16550745131384
phone,G_0760,STAND_UP,16550999110428,16551015671723
phone,G_0761,STAND_UP,16551269019421,16551284911819
phone,G_0762,STAND_UP,16551539247473,16551556132306
phone,G_0763,STAND_UP,16551809032980,16551825485005
phone,G_0764,STAND_UP,16552079227387,16552096428101
phone,G_0765,STAND_UP,16552349011070,16552364962009
phone,G_0766,STAND_UP,16552619123760,16552636088956
phone,G_0767,STAND_UP,16552888542605,16552904435576
phone,G_0768,STAND_UP,16553159173986,16553175537211
phone,G_0769,STAND_UP,16553429060898,16553445034180
phone,G_0770,STAND_UP,16553699155777,16553716070766
phone,G_0771,STAND_UP,16553969074460,16553985571850
phone,G_0772,STAND_UP,16554239203973,16554258348048
phone,G_0773,STAND_UP,16554509087605,16554525045158
phone,G_0774,STAND_UP,16554823252485,16554839815395
phone,G_0775,STAND_UP,16555094237197,16555110382977
phone,G_0776,STAND_UP,16555364147339,16555380392128
phone,G_0777,STAND_UP,16555634246177,16555650173783
phone,G_0778,STAND_UP,16555904155070,16555923455705
phone,G_0779,STAND_UP,16556174245367,16556190834318
phone,G_0780,STAND_UP,16556443965096,16556460924511
phone,G_0781,STAND_UP,16556714055758,16556730192788
phone,G_0782,STAND_UP,16556984166732,16557000678237
phone,G_0783,STAND_UP,16557254136094,16557270237499
phone,G_0784,STAND_UP,16557524260610,16557540539357
phone,G_0785,STAND_UP,16557794047579,16557810098204
phone,G_0786,STAND_UP,16558064292875,16558081106199
phone,G_0787,STAND_UP,16558334066979,16558350659733
phone,G_0788,STAND_UP,16558604296756,16558621248411
phone,G_0789,STAND_UP,16558874103204,16558890354764
phone,G_0790,STAND_UP,16559144299700,16559161069065
phone,G_0791,STAND_UP,16559414268438,16559430909628
phone,G_0792,STAND_UP,16559729204614,16559745536017
phone,G_0793,STAND_UP,16559999079031,16560015772148
phone,G_0794,STAND_UP,16560269083499,16560285298861
phone,G_0795,STAND_UP,16560539212861,16560555325204
phone,G_0796,STAND_UP,16560809111497,16560825683001
phone,G_0797,STAND_UP,16561079190027,16561095797676
phone,G_0798,STAND_UP,16561393951050,16561410936038
phone,G_0799,STAND_UP,16561708534160,16561724701554
phone,G_0800,STAND_UP,16561979072684,16561995554137
phone,G_0801,STAND_UP,16562249137048,16562265382775
phone,G_0802,STAND_UP,16562519034227,16562535471931
phone,G_0803,STAND_UP,16562789132967,16562805249424
phone,G_0804,STAND_UP,16563059148530,16563078393541
phone,G_0805,STAND_UP,16563329116437,16563345755597
phone,G_0806,STAND_UP,16563643414136,16563660537820
phone,G_0807,STAND_UP,16563914225158,16563930583592
phone,G_0808,STAND_UP,16564184122651,16564203099540
phone,G_0809,STAND_UP,16564454405295,16564480302667
phone,G_0810,STAND_UP,16564724177946,16564740377736
phone,G_0811,STAND_UP,16564994165855,16565010159918
phone,G_0812,STAND_UP,16565264216054,16565280739486
phone,G_0813,STAND_UP,16565578394328,16565595122445
phone,G_0814,STAND_UP,16565849213113,16565866065186
phone,G_0815,STAND_UP,16566119303417,16566135497322
phone,G_0816,STAND_UP,16566389046590,16566405410961
phone,G_0817,STAND_UP,16566659100489,16566675314341
phone,G_0818,STAND_UP,16566929065430,16566945222565
phone,G_0819,STAND_UP,16567199214797,16567215369536
phone,G_0820,STAND_UP,16567469242863,16567485842700
phone,G_0821,STAND_UP,16567739030047,16567755669780
phone,G_0822,STAND_UP,16568009272434,16568026139716
phone,G_0823,STAND_UP,16568279040556,16568295305606
phone,G_0824,STAND_UP,16568549196434,16568565590597
phone,G_0825,STAND_UP,16568818510604,16568834601282
phone,G_0826,STAND_UP,16569089202622,16569105460484
phone,G_0827,STAND_UP,16569359047566,16569375251315
phone,G_0828,STAND_UP,16569629269903,16569648133773
phone,G_0829,STAND_UP,16569898922403,16569915685050
phone,G_0830,STAND_UP,16570169240311,16570188729017
phone,G_0831,STAND_UP,16570439027809,16570455251922
phone,G_0832,STAND_UP,16570709269260,16570725601549
phone,G_0833,STAND_UP,16570979119207,16570995486182
phone,G_0834,STAND_UP,16571249097328,16571265305868
phone,G_0835,STAND_UP,16571519184459,16571535360708
phone,G_0836,STAND_UP,16571789052010,16571805700544
phone,G_0837,STAND_UP,16572059258150,16572075962204
phone,G_0838,STAND_UP,16572329082628,16572345979232
phone,G_0839,STAND_UP,16572599209186,16572615493090
phone,G_0840,STAND_UP,16572869067571,16572885504130
phone,G_0841,STAND_UP,16573139188661,16573155562408
phone,G_0842,STAND_UP,16573409028244,16573425343346
phone,G_0843,STAND_UP,16573679120898,16573695318761
phone,G_0844,STAND_UP,16573949049855,16573965653963
phone,G_0845,STAND_UP,16574219082093,16574236333015
phone,G_0846,STAND_UP,16574489074748,16574505772396
phone,G_0847,STAND_UP,16574759124069,16574778049085
phone,G_0848,STAND_UP,16575029013653,16575045857914
phone,G_0849,STAND_UP,16575299049641,16575315244796
phone,G_0850,STAND_UP,16575569285523,16575585764945
phone,G_0851,STAND_UP,16575839002089,16575855353648
phone,G_0852,STAND_UP,16576109252918,16576125382554
phone,G_0853,STAND_UP,16576378986411,16576395211826
phone,G_0854,STAND_UP,16576649241564,16576665867860
phone,G_0855,STAND_UP,16576919084796,16576935719581
phone,G_0856,STAND_UP,16577189183337,16577208763709
phone,G_0857,STAND_UP,16577459037923,16577475225474
phone,G_0858,STAND_UP,16577729318389,16577745842394
phone,G_0859,STAND_UP,16577999033342,16578015976560
phone,G_0860,STAND_UP,16578269197716,16578285346153
phone,G_0861,STAND_UP,16578538938970,16578555357717
phone,G_0862,STAND_UP,16578809107981,16578825710006
phone,G_0863,STAND_UP,16579079235689,16579095917557
phone,G_0864,STAND_UP,16579349079651,16579365968704
phone,G_0865,STAND_UP,16579619201735,16579635543608
phone,G_0866,STAND_UP,16579889180853,16579906309694
phone,G_0867,STAND_UP,16580159171428,16580175316532
phone,G_0868,STAND_UP,16580429043881,16580445444554
phone,G_0869,STAND_UP,16580699296797,16580715516327
phone,G_0870,STAND_UP,16580969149979,16580985337687
phone,G_0871,STAND_UP,16581239105087,16581255149047
phone,G_0872,STAND_UP,16581509112799,16581525826854
phone,G_0873,STAND_UP,16581778989836,16581795519362
phone,G_0874,STAND_UP,16582049103797,16582065989308
phone,G_0875,STAND_UP,16582318989948,16582335150468
phone,G_0876,STAND_UP,16582589172606,16582605729007
phone,G_0877,STAND_UP,16582859115580,16582875460265
phone,G_0878,STAND_UP,16583129183084,16583145436937
phone,G_0879,STAND_UP,16583399034913,16583417014942
phone,G_0880,STAND_UP,16583671506449,16583692400607
phone,G_0881,STAND_UP,16583939250234,16583955826374
phone,G_0882,STAND_UP,16584209256489,16584228904985
phone,G_0883,STAND_UP,16584479056809,16584495307329
phone,G_0884,STAND_UP,16584749085877,16584765691497
phone,G_0885,STAND_UP,16585019235777,16585038576882
phone,G_0886,STAND_UP,16585289075681,16585305074016
phone,G_0887,STAND_UP,16585559117458,16585575229542
phone,G_0888,STAND_UP,16585829148818,16585845735115
phone,G_0889,STAND_UP,16586099139502,16586115647102
phone,G_0890,STAND_UP,16586369055656,16586385840283
phone,G_0891,STAND_UP,16586639132433,16586655381286
phone,G_0892,STAND_UP,16586909286605,16586925699727
phone,G_0893,STAND_UP,16587179226457,16587195500570
phone,G_0894,STAND_UP,16587449092247,16587465228029
phone,G_0895,STAND_UP,16587719146838,16587735336837
phone,G_0896,STAND_UP,16587989080753,16588005732465
phone,G_0897,STAND_UP,16588259050293,16588275575288
phone,G_0898,STAND_UP,16588529091967,16588545999926
phone,G_0899,STAND_UP,16588799017862,16588815341662
phone,G_0900,STAND_UP,16589069125422,16589085613647
phone,G_0901,STAND_UP,16589339057723,16589355400481
phone,G_0902,STAND_UP,16589609228251,16589625444188
phone,G_0903,STAND_UP,16589879034565,16589895306386
phone,G_0904,STAND_UP,16590149316862,16590168216827
phone,G_0905,STAND_UP,16590418969741,16590435515413
phone,G_0906,STAND_UP,16590689156623,16590705893491
phone,G_0907,STAND_UP,16590958635494,16590974813567
phone,G_0908,STAND_UP,16591229199768,16591248367021
phone,G_0909,STAND_UP,16591499054207,16591515330299
phone,G_0910,STAND_UP,16591814055461,16591830325408
phone,G_0911,STAND_UP,16592084334270,16592100529582
phone,G_0912,STAND_UP,16592354077670,16592370883443
phone,G_0913,STAND_UP,16592624541738,16592641053244
phone,G_0914,STAND_UP,16592893499835,16592910016445
phone,G_0915,STAND_UP,16593164222494,16593180505201
phone,G_0916,STAND_UP,16593479057865,16593495569371
phone,G_0917,STAND_UP,16593749055429,16593765221315
phone,G_0918,STAND_UP,16594019254449,16594035649811
phone,G_0919,STAND_UP,16594288990402,16594305092591
phone,G_0920,STAND_UP,16594559068278,16594575917853
phone,G_0921,STAND_UP,16594829071312,16594845581568
phone,G_0922,STAND_UP,16595099167053,16595116247926
phone,G_0923,STAND_UP,16595369094619,16595387577245
phone,G_0924,STAND_UP,16595638589013,16595654836044
phone,G_0925,STAND_UP,16595909012563,16595925087929
phone,G_0926,STAND_UP,16596179279761,16596195468302
phone,G_0927,STAND_UP,16596449046965,16596465118997
phone,G_0928,STAND_UP,16596719118384,16596735766555
phone,G_0929,STAND_UP,16596989022774,16597005443032
phone,G_0930,STAND_UP,16597259060184,16597275934811
phone,G_0931,STAND_UP,16597529044261,16597545305093
phone,G_0932,STAND_UP,16597798996776,16597815555365
phone,G_0933,STAND_UP,16598069336579,16598085525745
phone,G_0934,STAND_UP,16598339070138,16598358064061
phone,G_0935,STAND_UP,16598609234214,16598625358330
phone,G_0936,STAND_UP,16598879087409,16598895861255
phone,G_0937,STAND_UP,16599149251276,16599165773824
phone,G_0938,STAND_UP,16599419057857,16599436116804
phone,G_0939,STAND_UP,16599689202923,16599705415944
phone,G_0940,STAND_UP,16600004115799,16600020727616
phone,G_0941,STAND_UP,16600274143471,16600290337533
phone,G_0942,STAND_UP,16600544370672,16600572827129
phone,G_0943,STAND_UP,16600814076057,16600830189756
phone,G_0944,STAND_UP,16601084285863,16601100526487
phone,G_0945,STAND_UP,16601354110622,16601370062552
phone,G_0946,STAND_UP,16601624249283,16601640932662
phone,G_0947,STAND_UP,16601894060032,16601910592684
phone,G_0948,STAND_UP,16602164392441,16602181175506
phone,G_0949,STAND_UP,16602434019859,16602450205276
phone,G_0950,STAND_UP,16602704214302,16602720785026
phone,G_0951,STAND_UP,16603018954943,16603035179526
phone,G_0952,STAND_UP,16603289156781,16603305452353
phone,G_0953,STAND_UP,16603559014301,16603575132063
phone,G_0954,STAND_UP,16603829209734,16603846017904
phone,G_0955,STAND_UP,16604099103244,16604115860112
phone,G_0956,STAND_UP,16604369076232,16604385978983
phone,G_0957,STAND_UP,16604639118230,16604655403906
phone,G_0958,STAND_UP,16604909060594,16604925704703
phone,G_0959,STAND_UP,16605179090925,16605195395299
phone,G_0960,STAND_UP,16605449085841,16605467898933
phone,G_0961,STAND_UP,16605719276900,16605737350418
phone,G_0962,STAND_UP,16605989101454,16606005939779
phone,G_0963,STAND_UP,16606259414126,16606275991934
phone,G_0964,STAND_UP,16606528996444,16606545741801
phone,G_0965,STAND_UP,16606799006985,16606815279484
phone,G_0966,STAND_UP,16607069081224,16607085651896
phone,G_0967,STAND_UP,16607339112755,16607355262651
phone,G_0968,STAND_UP,16607609162046,16607625433347
phone,G_0969,STAND_UP,16607879008580,16607895004624
phone,G_0970,STAND_UP,16608149300993,16608166072809
phone,G_0971,STAND_UP,16608419104663,16608435645544
phone,G_0972,STAND_UP,16608689151976,16608706021968
phone,G_0973,STAND_UP,16608959019292,16608975172730
phone,G_0974,STAND_UP,16609229210509,16609245768890
phone,G_0975,STAND_UP,16609499089439,16609515393188
phone,G_0976,STAND_UP,16609769038161,16609785278525
phone,G_0977,STAND_UP,16610038987715,16610055126102
phone,G_0978,STAND_UP,16610309119455,16610325889136
phone,G_0979,STAND_UP,16610579027604,16610595705099
phone,G_0980,STAND_UP,16610849044346,16610868128164
phone,G_0981,STAND_UP,16611119111609,16611135180829
phone,G_0982,STAND_UP,16611389038248,16611405515744
phone,G_0983,STAND_UP,16611659110041,16611675254678
phone,G_0984,STAND_UP,16611929017879,16611945249702
phone,G_0985,STAND_UP,16612199092017,16612215052645
phone,G_0986,STAND_UP,16612469129853,16612485833180
phone,G_0987,STAND_UP,16612739091180,16612774769316
phone,G_0988,STAND_UP,16613008994956,16613040658404
phone,G_0989,STAND_UP,16613278992533,16613307763935
phone,G_0990,STAND_UP,16613549117088,16613577762866
phone,G_0991,STAND_UP,16613863240818,16613889575688
phone,G_0992,STAND_UP,16614134311454,16614160319350
phone,G_0993,STAND_UP,16614448376956,16614474770420
phone,G_0994,STAND_UP,16614719076296,16614748622219
phone,G_0995,STAND_UP,16614988945803,16615020300870
phone,G_0996,STAND_UP,16615259074682,16615290278552
phone,G_0997,STAND_UP,16615529128613,16615557420178
phone,G_0998,STAND_UP,16615799527177,16615828276756
phone,G_0999,STAND_UP,16616069211739,16616098166888
phone,G_1000,STAND_UP,16616339034215,16616365681790
