trial_id,action,scan_ms,connect_ms,key_exchange_ms,command_encrypt_ms,write_ms,ack_wait_ms,command_to_ack_ms,total_ms,success,failure_stage,failure_reason
F_0001,STAND_UP,3006.714,3459.58,723.227,0.112,82.639,90.973,173.742,7363.345,True,,
F_0002,STAND_UP,1512.003,2623.805,442.977,0.069,90.662,89.761,180.508,4759.384,True,,
F_0003,STAND_UP,3579.954,2626.625,399.133,0.066,90.69,89.94,180.716,6786.507,True,,
F_0004,STAND_UP,367.11,4624.582,444.028,0.065,89.275,89.746,179.102,5614.892,True,,
F_0005,STAND_UP,713.678,2611.935,399.561,0.062,88.798,179.818,268.693,3993.947,True,,
F_0006,STAND_UP,1800.133,5351.948,443.194,0.073,89.035,90.049,179.172,7774.528,True,,
F_0007,STAND_UP,853.254,3372.732,400.276,0.073,89.025,89.173,178.286,4804.626,True,,
F_0008,STAND_UP,907.534,2643.568,443.82,0.069,88.295,90.399,178.78,4173.785,True,,
F_0009,STAND_UP,558.203,2001.697,445.275,0.125,88.243,89.96,178.347,3183.625,True,,
F_0010,STAND_UP,736.05,5920.71,443.104,0.062,88.664,90.073,178.814,7278.781,True,,
F_0011,STAND_UP,1120.635,3374.929,400.239,0.071,88.783,90.878,179.748,5075.628,True,,
F_0012,STAND_UP,1172.347,3368.805,399.556,0.074,88.683,90.216,178.989,5119.772,True,,
F_0013,STAND_UP,1227.556,3359.46,398.69,0.132,88.364,90.054,178.573,5164.484,True,,
F_0014,STAND_UP,1310.262,2646.325,353.772,0.068,89.72,88.922,178.728,4489.165,True,,
F_0015,STAND_UP,47.99,2692.419,445.137,0.063,88.647,90.09,178.815,3364.438,True,,
F_0016,STAND_UP,558.438,3264.562,443.333,0.077,88.645,89.899,178.636,4445.045,True,,
F_0017,STAND_UP,599.881,4526.022,489.05,0.059,88.828,90.102,179.004,5794.034,True,,
F_0018,STAND_UP,260.29,2614.153,490.774,0.085,88.609,89.806,178.519,3543.846,True,,
F_0019,STAND_UP,1348.241,2607.609,489.608,0.284,88.038,90.24,178.585,4624.155,True,,
F_0020,STAND_UP,704.057,2578.076,488.365,0.076,88.487,90.076,178.655,3949.236,True,,
F_0021,STAND_UP,1748.41,3334.065,488.452,0.061,88.339,90.284,178.7,5749.707,True,,
F_0022,STAND_UP,4818.932,2602.357,488.233,0.127,88.822,89.778,178.747,8088.378,True,,
F_0023,STAND_UP,3908.992,6660.034,985.991,0.125,88.398,90.233,178.776,11733.923,True,,
F_0024,STAND_UP,1058.003,4605.77,401.215,0.058,88.615,90.028,178.715,6243.776,True,,
F_0025,STAND_UP,1073.356,8732.282,399.623,0.124,88.599,90.121,178.862,10384.22,True,,
F_0026,STAND_UP,5215.288,5357.643,397.633,0.234,88.139,90.09,178.488,11149.174,True,,
F_0027,STAND_UP,3376.199,2560.157,399.187,0.128,88.764,90.492,179.405,6515.054,True,,
F_0028,STAND_UP,107.074,4660.214,443.108,0.106,89.324,88.977,178.425,5388.941,True,,
F_0029,STAND_UP,557.032,2500.67,397.471,0.127,89.334,89.485,178.966,3634.241,True,,
F_0030,STAND_UP,237.317,3945.106,399.008,0.122,87.735,90.996,178.871,4760.406,True,,
F_0031,STAND_UP,327.882,2594.365,443.046,0.057,88.253,91.473,179.802,3545.172,True,,
F_0032,STAND_UP,624.341,3375.019,400.526,0.071,88.718,90.217,179.029,4578.99,True,,
F_0033,STAND_UP,675.88,5440.442,443.709,0.072,88.696,91.013,179.797,6739.909,True,,
F_0034,STAND_UP,774.889,2688.148,352.739,0.205,89.267,90.279,179.774,3995.667,True,,
F_0035,STAND_UP,559.258,4070.677,444.545,0.079,89.674,89.992,179.76,5254.316,True,,
F_0036,STAND_UP,882.204,2624.056,443.342,0.059,89.64,90.081,179.802,4129.477,True,,
F_0037,STAND_UP,554.088,2005.357,445.41,0.07,88.486,91.129,179.7,3184.636,True,,
F_0038,STAND_UP,585.814,2110.545,354.851,0.067,88.786,91.226,180.094,3231.383,True,,
F_0039,STAND_UP,564.477,2808.069,397.487,0.06,89.633,90.321,180.031,3950.141,True,,
F_0040,STAND_UP,1124.78,2607.363,398.724,0.066,87.621,91.219,178.923,4309.862,True,,
F_0041,STAND_UP,1169.9,4632.769,397.534,0.081,89.656,90.155,179.907,6380.194,True,,
F_0042,STAND_UP,1261.367,2786.901,397.187,0.06,89.876,90.874,180.825,4626.358,True,,
F_0043,STAND_UP,33.177,2619.164,488.139,0.057,89.314,135.265,224.651,3365.206,True,,
F_0044,STAND_UP,552.668,2414.958,487.616,0.131,89.182,90.196,179.53,3634.872,True,,
F_0045,STAND_UP,146.717,2642.633,486.396,0.184,89.559,89.737,179.502,3455.347,True,,
F_0046,STAND_UP,556.38,3265.13,488.223,0.06,89.658,90.394,180.128,4489.948,True,,
F_0047,STAND_UP,572.585,3294.112,488.073,0.147,89.259,90.054,179.48,4534.374,True,,
F_0048,STAND_UP,1347.032,3914.134,488.567,0.069,89.56,90.046,179.691,5929.506,True,,
F_0049,STAND_UP,415.778,2639.857,1030.872,0.079,88.605,89.017,177.718,4264.32,True,,
F_0050,STAND_UP,465.398,6685.867,398.169,0.086,90.43,89.326,179.859,7729.377,True,,
F_0051,STAND_UP,1537.636,5973.715,397.978,0.064,89.675,89.829,179.583,8088.991,True,,
F_0052,STAND_UP,570.893,3970.575,442.639,0.144,90.117,89.672,179.953,5164.179,True,,
F_0053,STAND_UP,553.15,2819.66,397.637,0.076,89.207,90.198,179.497,3950.035,True,,
F_0054,STAND_UP,1044.533,2643.023,397.583,0.064,89.672,90.216,179.978,4265.197,True,,
F_0055,STAND_UP,1097.366,3354.898,397.667,0.081,89.667,90.276,180.041,5030.055,True,,
F_0056,STAND_UP,1902.232,4665.848,396.83,0.124,89.446,90.16,179.751,7144.772,True,,
F_0057,STAND_UP,1243.623,2623.972,397.079,0.129,89.671,135.159,224.978,4489.755,True,,
F_0058,STAND_UP,1293.878,4643.225,396.463,0.142,90.681,90.038,180.882,6514.563,True,,
F_0059,STAND_UP,1404.034,5388.339,396.295,0.168,90.421,90.034,180.641,7369.424,True,,
F_0060,STAND_UP,1209.481,4593.636,396.21,0.124,89.534,90.049,179.728,6379.163,True,,
F_0061,STAND_UP,598.286,2729.667,396.576,0.065,89.712,135.054,224.847,3949.458,True,,
F_0062,STAND_UP,369.139,2641.944,443.052,0.143,89.305,90.228,179.695,3633.944,True,,
F_0063,STAND_UP,741.416,2585.186,398.599,0.059,88.617,89.994,178.684,3903.962,True,,
F_0064,STAND_UP,460.508,2596.44,398.998,0.059,88.825,89.995,178.894,3634.943,True,,
F_0065,STAND_UP,812.544,4630.282,400.389,0.142,85.615,89.991,175.768,6019.086,True,,
F_0066,STAND_UP,548.948,4710.722,400.236,0.061,89.503,89.554,179.133,5839.111,True,,
F_0067,STAND_UP,984.954,2566.803,399.122,0.063,88.347,90.106,178.536,4129.494,True,,
F_0068,STAND_UP,601.25,2723.616,401.01,0.06,88.132,90.328,178.536,3904.49,True,,
F_0069,STAND_UP,1061.966,2714.671,354.468,0.058,88.505,90.183,178.76,4309.944,True,,
F_0070,STAND_UP,1114.976,4641.991,399.045,0.064,90.274,88.102,178.457,6334.545,True,,
F_0071,STAND_UP,1203.716,2617.668,399.403,0.063,88.641,90.596,179.317,4400.199,True,,
F_0072,STAND_UP,1991.091,2640.963,443.585,0.07,88.719,89.832,178.637,5254.349,True,,
F_0073,STAND_UP,554.383,3177.482,396.916,0.061,90.521,90.161,180.758,4309.616,True,,
F_0074,STAND_UP,559.689,3172.134,398.861,0.067,88.58,90.165,178.828,4309.596,True,,
F_0075,STAND_UP,551.887,2549.076,399.48,0.06,88.575,90.156,178.807,3679.32,True,,
F_0076,STAND_UP,1516.265,2621.486,397.717,0.134,88.477,90.007,178.641,4714.225,True,,
F_0077,STAND_UP,385.185,2536.165,488.41,0.063,88.789,91.081,179.948,3589.779,True,,
F_0078,STAND_UP,672.859,2609.357,488.629,0.062,88.579,90.037,178.693,3949.611,True,,
F_0079,STAND_UP,405.149,3910.621,489.741,0.065,89.145,89.268,178.492,4984.093,True,,
F_0080,STAND_UP,468.405,2678.786,488.206,0.079,88.732,90.091,178.917,3814.388,True,,
F_0081,STAND_UP,1106.303,2355.187,488.363,0.326,88.176,90.023,178.546,4128.544,True,,
F_0082,STAND_UP,1874.086,6627.52,488.363,0.059,133.476,90.272,223.822,9213.891,True,,
F_0083,STAND_UP,1683.634,2724.316,803.396,0.062,88.481,90.036,178.601,5390.028,True,,
F_0084,STAND_UP,746.376,2669.907,579.556,0.061,88.273,90.419,178.772,4174.687,True,,
F_0085,STAND_UP,1121.875,2612.372,397.141,0.134,88.424,90.911,179.491,4310.988,True,,
F_0086,STAND_UP,1151.896,2670.807,397.386,0.131,88.894,90.119,179.16,4399.356,True,,
F_0087,STAND_UP,1213.538,2609.021,397.197,0.06,90.286,90.218,180.579,4400.406,True,,
F_0088,STAND_UP,1265.734,2690.721,397.105,0.127,89.851,90.346,180.343,4534.01,True,,
F_0089,STAND_UP,80.796,2616.143,443.634,0.133,88.431,90.444,179.029,3319.71,True,,
F_0090,STAND_UP,566.345,2444.764,398.989,0.072,88.574,90.174,178.835,3589.011,True,,
F_0091,STAND_UP,198.022,2635.35,397.023,0.066,88.572,90.296,178.959,3409.433,True,,
F_0092,STAND_UP,579.589,2564.486,400.657,0.152,88.447,89.939,178.677,3723.512,True,,
F_0093,STAND_UP,263.692,2656.818,400.335,0.069,87.515,90.119,177.719,3498.633,True,,
F_0094,STAND_UP,627.27,3373.92,399.713,0.064,87.936,89.914,177.93,4578.91,True,,
F_0095,STAND_UP,681.346,2644.231,399.418,0.058,88.479,90.148,178.701,3903.775,True,,
F_0096,STAND_UP,488.311,3917.964,443.361,0.068,88.168,90.118,178.371,5028.123,True,,
F_0097,STAND_UP,566.916,3885.015,442.97,0.127,88.47,90.335,178.949,5073.961,True,,
F_0098,STAND_UP,2656.903,2559.063,444.818,0.102,88.342,89.892,178.355,5839.256,True,,
F_0099,STAND_UP,939.686,2610.859,444.642,0.06,88.654,90.184,178.912,4174.175,True,,
F_0100,STAND_UP,555.456,2049.574,445.301,0.061,88.396,91.096,179.566,3229.986,True,,
F_0101,STAND_UP,1051.872,2634.417,399.652,0.127,88.436,89.908,178.492,4264.539,True,,
F_0102,STAND_UP,3325.526,4456.097,398.664,0.145,88.297,91.21,179.672,8360.19,True,,
F_0103,STAND_UP,1194.169,2626.006,398.509,0.061,90.319,90.915,181.312,4400.072,True,,
F_0104,STAND_UP,1303.445,2609.144,396.706,0.063,90.004,90.348,180.43,4489.798,True,,
F_0105,STAND_UP,3370.82,2610.835,397.63,0.124,90.989,90.106,181.238,6560.622,True,,
F_0106,STAND_UP,1478.527,2568.499,398.239,0.058,89.471,90.022,179.565,4624.904,True,,
F_0107,STAND_UP,221.345,4634.848,398.073,0.079,88.377,91.121,179.596,5434.107,True,,
F_0108,STAND_UP,570.734,2620.279,398.894,0.075,134.691,90.02,224.805,3814.814,True,,
F_0109,STAND_UP,317.601,3909.313,397.966,0.062,89.609,90.555,180.241,4805.218,True,,
F_0110,STAND_UP,415.056,2642.229,397.363,0.066,89.727,90.107,179.915,3634.643,True,,
F_0111,STAND_UP,726.179,2644.92,398.504,0.125,89.194,90.225,179.563,3949.262,True,,
F_0112,STAND_UP,518.723,3888.077,398.142,0.156,89.357,90.052,179.587,4984.723,True,,
F_0113,STAND_UP,2604.573,2613.052,397.656,0.135,90.423,89.224,179.801,5795.184,True,,
F_0114,STAND_UP,960.596,2591.429,443.869,0.061,89.187,90.218,179.481,4175.464,True,,
F_0115,STAND_UP,593.89,2734.405,397.03,0.063,89.947,89.987,180.014,3905.416,True,,
F_0116,STAND_UP,1008.747,2633.077,398.971,0.067,89.821,89.977,179.881,4220.746,True,,
F_0117,STAND_UP,1102.481,3349.677,397.47,0.06,89.781,90.387,180.245,5029.955,True,,
F_0118,STAND_UP,1183.011,3449.979,442.327,0.074,89.746,90.235,180.07,5255.46,True,,
F_0119,STAND_UP,550.954,6330.424,398.513,0.087,89.133,90.258,179.496,7459.495,True,,
F_0120,STAND_UP,2077.11,3904.404,398.447,0.061,89.314,90.329,179.72,6559.758,True,,
F_0121,STAND_UP,3394.957,3351.807,397.937,0.084,89.278,90.304,179.682,7324.459,True,,
F_0122,STAND_UP,550.542,2550.858,398.035,0.079,89.517,89.886,179.501,3679.02,True,,
F_0123,STAND_UP,239.147,3942.048,398.571,0.312,89.321,90.08,179.732,4759.605,True,,
F_0124,STAND_UP,341.29,2624.583,489.239,0.074,89.097,90.205,179.393,3634.59,True,,
F_0125,STAND_UP,1388.044,2614.075,532.45,0.129,89.403,90.074,179.625,4714.298,True,,
F_0126,STAND_UP,705.436,3431.183,533.274,0.069,88.423,90.139,178.65,4848.618,True,,
F_0127,STAND_UP,762.339,2655.584,531.276,0.152,89.412,90.088,179.671,4128.969,True,,
F_0128,STAND_UP,566.793,2625.631,487.957,0.074,89.696,90.173,179.959,3860.42,True,,
F_0129,STAND_UP,873.662,2631.234,490.213,0.131,89.491,89.928,179.57,4174.8,True,,
F_0130,STAND_UP,1920.179,2621.51,802.751,0.121,89.66,90.84,180.641,5525.187,True,,
F_0131,STAND_UP,1031.774,4634.585,443.98,0.06,88.991,89.907,178.973,6289.39,True,,
F_0132,STAND_UP,1120.716,5445.343,398.616,0.061,89.294,90.335,179.705,7144.458,True,,
F_0133,STAND_UP,1899.941,3902.196,396.323,0.073,90.515,90.218,180.821,6379.356,True,,
F_0134,STAND_UP,1254.172,2614.122,396.335,0.064,90.483,90.229,180.792,4445.514,True,,
F_0135,STAND_UP,45.003,2607.338,442.142,0.124,89.745,89.826,179.714,3274.306,True,,
F_0136,STAND_UP,551.944,5206.271,442.281,0.069,88.743,89.772,178.601,6379.176,True,,
F_0137,STAND_UP,546.041,3276.454,486.972,0.065,89.52,90.174,179.774,4489.325,True,,
F_0138,STAND_UP,1297.281,4636.656,490.298,0.068,89.614,90.033,179.734,6604.054,True,,
F_0139,STAND_UP,1381.137,3970.241,444.242,0.064,88.579,90.019,178.677,5974.383,True,,
F_0140,STAND_UP,445.699,2655.793,533.955,0.059,88.496,90.189,178.761,3814.279,True,,
F_0141,STAND_UP,1489.828,2648.319,532.556,0.139,88.345,90.113,178.614,4849.443,True,,
F_0142,STAND_UP,863.459,2554.367,489.167,0.082,87.898,90.062,178.058,4085.128,True,,
F_0143,STAND_UP,618.331,3924.486,1072.243,0.175,89.741,90.032,179.966,5795.138,True,,
F_0144,STAND_UP,961.381,4661.552,398.427,0.061,89.108,90.052,179.236,6200.674,True,,
F_0145,STAND_UP,556.719,2813.264,400.665,0.073,88.819,90.788,179.696,3950.423,True,,
F_0146,STAND_UP,1805.191,4626.441,399.167,0.091,88.312,91.09,179.509,7010.517,True,,
F_0147,STAND_UP,1163.526,2611.603,398.818,0.101,91.291,88.9,180.31,4354.356,True,,
F_0148,STAND_UP,1208.594,2612.891,397.678,0.123,90.356,89.086,179.586,4398.855,True,,
F_0149,STAND_UP,1267.363,3364.366,443.501,0.061,88.529,91.361,179.967,5255.275,True,,
F_0150,STAND_UP,573.873,5137.586,398.971,0.062,88.576,89.79,178.443,6288.949,True,,
F_0151,STAND_UP,1157.457,2664.974,353.626,0.084,88.386,90.249,178.739,4354.894,True,,
F_0152,STAND_UP,558.84,7312.365,398.859,0.092,88.575,89.855,178.538,8448.757,True,,
F_0153,STAND_UP,603.609,2633.161,398.323,0.065,88.542,90.275,178.898,3814.066,True,,
F_0154,STAND_UP,1648.223,10679.229,398.369,0.06,88.63,89.971,178.678,12904.575,True,,
F_0155,STAND_UP,1849.473,3323.442,398.76,0.072,88.706,90.016,178.809,5750.558,True,,
F_0156,STAND_UP,1630.215,2640.666,399.895,0.061,88.612,89.891,178.581,4849.437,True,,
F_0157,STAND_UP,1701.899,2568.083,400.423,0.075,88.848,90.07,179.008,4849.494,True,,
F_0158,STAND_UP,967.248,3349.053,444.371,0.127,133.42,90.069,223.635,4984.419,True,,
F_0159,STAND_UP,1025.307,4641.342,398.456,0.07,88.98,90.734,179.801,6244.98,True,,
F_0160,STAND_UP,1113.96,3380.94,443.712,0.06,89.879,90.271,180.226,5118.923,True,,
F_0161,STAND_UP,1176.05,3366.468,443.124,0.123,88.379,89.915,178.441,5164.329,True,,
F_0162,STAND_UP,1963.434,2622.695,399.793,0.059,89.219,89.432,178.726,5164.725,True,,
F_0163,STAND_UP,43.026,2697.391,444.666,0.096,89.361,89.226,178.7,3364.019,True,,
F_0164,STAND_UP,553.296,2413.479,398.694,0.076,88.193,89.928,178.213,3543.756,True,,
F_0165,STAND_UP,151.204,4659.108,445.643,0.06,88.367,91.179,179.621,5435.653,True,,
F_0166,STAND_UP,1269.221,2598.151,398.429,0.073,88.603,90.153,178.846,4444.728,True,,
F_0167,STAND_UP,560.706,3395.715,399.016,0.101,89.194,89.834,179.146,4534.67,True,,
F_0168,STAND_UP,622.905,2613.094,398.921,0.068,88.508,91.265,179.857,3814.861,True,,
F_0169,STAND_UP,372.197,5924.091,398.364,0.124,88.432,91.147,179.723,6874.478,True,,
F_0170,STAND_UP,1746.217,3335.294,398.974,0.151,88.57,91.048,179.789,5660.379,True,,
F_0171,STAND_UP,810.57,4633.392,396.895,0.06,88.72,89.771,178.566,6019.496,True,,
F_0172,STAND_UP,558.467,3937.8,399.309,0.065,88.598,91.307,179.985,5075.646,True,,
F_0173,STAND_UP,569.218,1992.224,444.316,0.07,89.399,90.085,179.57,3185.402,True,,
F_0174,STAND_UP,560.554,2047.41,397.335,0.064,88.316,91.408,179.805,3185.174,True,,
F_0175,STAND_UP,579.389,2118.556,398.681,0.12,87.442,89.959,177.545,3274.275,True,,
F_0176,STAND_UP,1093.5,2638.476,396.3,0.063,92.189,88.552,180.822,4309.181,True,,
F_0177,STAND_UP,1151.899,2669.728,399.315,0.06,88.64,89.997,178.715,4399.728,True,,
F_0178,STAND_UP,3997.089,2614.724,397.895,0.326,89.309,90.01,179.669,7189.499,True,,
F_0179,STAND_UP,1320.253,3311.245,398.636,0.095,89.371,89.834,179.314,5209.557,True,,
F_0180,STAND_UP,1117.694,6754.99,397.1,0.066,92.542,87.338,179.962,8449.838,True,,
F_0181,STAND_UP,1248.54,3878.49,397.939,0.059,89.546,90.053,179.673,5704.714,True,,
F_0182,STAND_UP,335.796,2588.122,441.415,0.066,89.678,90.089,179.851,3545.265,True,,
F_0183,STAND_UP,589.367,4627.377,398.968,0.144,89.101,89.368,178.633,5794.455,True,,
F_0184,STAND_UP,390.359,2621.903,397.444,0.068,89.843,90.177,180.104,3589.883,True,,
F_0185,STAND_UP,751.388,2622.699,396.491,0.073,89.767,89.919,179.779,3950.437,True,,
F_0186,STAND_UP,559.044,2586.899,444.245,0.064,89.443,90.364,179.887,3770.151,True,,
F_0187,STAND_UP,2882.813,4629.831,397.673,0.069,90.051,89.99,180.127,8090.527,True,,
F_0188,STAND_UP,562.153,2764.508,400.246,0.071,87.803,89.94,177.83,3904.814,True,,
F_0189,STAND_UP,1739.715,2621.939,398.964,0.07,88.605,89.915,178.607,4939.303,True,,
F_0190,STAND_UP,1797.852,3914.123,396.682,0.06,90.865,90.032,180.972,6289.701,True,,
F_0191,STAND_UP,1222.344,5299.388,398.132,0.159,89.414,90.208,179.803,7099.786,True,,
F_0192,STAND_UP,1191.596,2630.772,397.377,0.066,89.778,89.943,179.802,4399.621,True,,
F_0193,STAND_UP,2028.627,2601.323,399.313,0.142,134.519,90.277,224.968,5254.346,True,,
F_0194,STAND_UP,549.826,2416.755,398.05,0.142,89.346,90.062,179.57,3544.343,True,,
F_0195,STAND_UP,121.495,2621.186,442.063,0.103,89.07,90.077,179.27,3364.225,True,,
F_0196,STAND_UP,569.992,3206.679,398.463,0.068,89.505,90.208,179.797,4355.015,True,,
F_0197,STAND_UP,554.097,2682.713,397.492,0.064,89.931,90.171,180.182,3814.559,True,,
F_0198,STAND_UP,320.614,2645.825,487.793,0.065,89.47,90.215,179.767,3634.083,True,,
F_0199,STAND_UP,677.633,2603.745,442.574,0.068,90.03,89.649,179.789,3903.835,True,,
F_0200,STAND_UP,438.213,3920.65,445.229,0.087,89.231,90.273,179.61,4983.813,True,,
F_0201,STAND_UP,494.506,2606.294,399.054,0.067,89.626,90.421,180.13,3680.082,True,,
F_0202,STAND_UP,1584.502,4037.206,400.969,0.068,87.753,90.238,178.075,6200.829,True,,
F_0203,STAND_UP,643.28,2638.034,534.412,0.064,89.658,89.981,179.718,3995.542,True,,
F_0204,STAND_UP,1693.731,2622.745,489.743,0.061,88.42,90.107,178.602,4984.901,True,,
F_0205,STAND_UP,1014.685,3347.68,533.787,0.123,88.132,90.296,178.571,5074.828,True,,
F_0206,STAND_UP,1847.148,3910.609,578.561,0.09,88.261,89.958,178.326,6514.729,True,,
F_0207,STAND_UP,1177.247,3322.76,756.804,0.063,88.555,89.786,178.42,5435.318,True,,
F_0208,STAND_UP,555.436,2277.872,622.755,0.138,88.453,90.277,178.887,3635.057,True,,
F_0209,STAND_UP,1310.753,3411.156,443.437,0.125,88.374,90.119,178.651,5344.102,True,,
F_0210,STAND_UP,557.548,3173.96,489.38,0.06,88.307,90.344,178.728,4399.7,True,,
F_0211,STAND_UP,555.648,2503.177,486.451,0.131,88.13,90.158,178.439,3723.847,True,,
F_0212,STAND_UP,187.388,2643.57,490.199,0.063,88.465,89.964,178.505,3499.734,True,,
F_0213,STAND_UP,549.666,2596.165,491.125,0.063,86.78,89.902,176.758,3813.786,True,,
F_0214,STAND_UP,302.966,2617.481,624.604,0.059,88.588,90.501,179.165,3724.296,True,,
F_0215,STAND_UP,653.97,3347.197,398.703,0.06,88.257,90.434,178.766,4578.708,True,,
F_0216,STAND_UP,711.431,2615.223,398.964,0.144,88.507,90.075,178.746,3904.473,True,,
F_0217,STAND_UP,1766.197,2641.399,443.013,0.154,88.444,90.202,178.82,5029.537,True,,
F_0218,STAND_UP,576.509,2660.346,443.907,0.07,88.63,90.3,179.024,3859.866,True,,
F_0219,STAND_UP,887.808,2619.52,398.242,0.069,88.774,89.791,178.648,4084.289,True,,
F_0220,STAND_UP,574.148,4776.876,399.689,0.058,89.524,88.986,178.584,5929.374,True,,
F_0221,STAND_UP,3127.169,5284.079,397.705,0.127,89.931,90.452,180.531,8989.593,True,,
F_0222,STAND_UP,1121.499,3372.893,399.126,0.074,89.95,90.408,180.45,5074.049,True,,
F_0223,STAND_UP,1176.953,3500.031,351.757,0.059,90.354,90.023,180.45,5209.288,True,,
F_0224,STAND_UP,3274.019,2618.805,397.774,0.121,88.168,90.111,178.418,6469.156,True,,
F_0225,STAND_UP,26.011,2626.415,443.308,0.256,88.359,89.994,178.63,3274.478,True,,
F_0226,STAND_UP,627.281,3105.068,442.771,0.06,88.242,90.076,178.394,4353.6,True,,
F_0227,STAND_UP,1198.893,2622.757,398.991,0.077,88.649,90.264,179.008,4399.722,True,,
F_0228,STAND_UP,559.074,7358.507,353.046,0.065,88.725,90.151,178.957,8449.666,True,,
F_0229,STAND_UP,576.95,2614.658,398.038,0.064,88.833,90.206,179.119,3768.841,True,,
F_0230,STAND_UP,382.025,5914.012,444.898,0.057,88.397,90.139,178.608,6919.629,True,,
F_0231,STAND_UP,489.268,2613.85,443.002,0.061,88.385,89.878,178.341,3724.539,True,,
F_0232,STAND_UP,789.221,3348.372,398.12,0.065,88.667,89.96,178.707,4714.506,True,,
F_0233,STAND_UP,840.92,2664.306,400.428,0.056,88.912,89.954,178.937,4084.684,True,,
F_0234,STAND_UP,599.214,2680.23,445.815,0.087,88.612,90.115,178.83,3904.17,True,,
F_0235,STAND_UP,950.619,2644.684,399.884,0.073,88.77,90.018,178.876,4174.146,True,,
F_0236,STAND_UP,560.152,2854.935,398.802,0.122,89.903,90.85,180.891,3994.877,True,,
F_0237,STAND_UP,1084.711,2645.61,398.487,0.059,90.84,90.317,181.233,4310.114,True,,
F_0238,STAND_UP,1158.061,5363.176,400.092,0.063,88.197,90.991,179.268,7100.674,True,,
F_0239,STAND_UP,1219.173,2691.825,400.679,0.073,87.565,90.894,178.55,4490.299,True,,
F_0240,STAND_UP,1268.353,3361.305,445.356,0.082,89.009,90.477,179.585,5254.693,True,,
F_0241,STAND_UP,2353.572,2682.645,443.561,0.096,88.653,90.827,179.591,5659.442,True,,
F_0242,STAND_UP,126.734,6663.929,398.98,0.128,134.351,90.146,224.646,7414.402,True,,
F_0243,STAND_UP,1248.551,2617.511,398.895,0.075,89.523,89.672,179.285,4444.323,True,,
F_0244,STAND_UP,571.907,2620.168,397.337,0.069,89.545,90.03,179.659,3769.155,True,,
F_0245,STAND_UP,332.482,4661.025,398.575,0.06,89.443,90.261,179.78,5571.938,True,,
F_0246,STAND_UP,681.538,3365.738,442.856,0.064,89.976,90.734,180.789,4670.992,True,,
F_0247,STAND_UP,804.971,2702.486,353.363,0.136,88.689,90.076,178.92,4039.842,True,,
F_0248,STAND_UP,558.435,2633.533,353.337,0.072,89.679,89.864,179.63,3725.01,True,,
F_0249,STAND_UP,892.075,3425.844,397.826,0.063,90.683,89.018,179.782,4895.621,True,,
F_0250,STAND_UP,962.41,3355.73,396.721,0.063,89.876,89.968,179.923,4894.861,True,,
F_0251,STAND_UP,1736.519,3886.194,395.934,0.057,91.047,90.141,181.258,6199.976,True,,
F_0252,STAND_UP,577.675,2119.186,443.257,0.124,89.347,90.207,179.696,3319.929,True,,
F_0253,STAND_UP,1111.083,2620.964,398.195,0.058,89.621,89.922,179.616,4309.958,True,,
F_0254,STAND_UP,1206.35,3424.304,398.784,0.14,89.329,90.229,179.718,5209.258,True,,
F_0255,STAND_UP,1996.35,4661.119,442.616,0.257,89.527,90.233,180.035,7280.226,True,,
F_0256,STAND_UP,1064.167,3927.32,352.908,0.102,89.312,90.18,179.614,5524.119,True,,
F_0257,STAND_UP,114.967,2626.83,442.676,0.067,134.787,90.067,224.936,3409.485,True,,
F_0258,STAND_UP,569.813,2533.412,396.126,0.06,89.813,90.037,179.926,3679.352,True,,
F_0259,STAND_UP,1527.76,3328.719,443.065,0.075,89.589,90.297,179.978,5479.599,True,,
F_0260,STAND_UP,577.937,5405.445,487.296,0.064,89.925,90.059,180.062,6650.809,True,,
F_0261,STAND_UP,666.608,2750.348,443.353,0.151,90.288,89.252,179.713,4040.131,True,,
F_0262,STAND_UP,561.51,3801.257,442.646,0.1,89.192,90.11,179.418,4984.935,True,,
F_0263,STAND_UP,525.079,4648.862,486.928,0.061,89.438,90.161,179.677,5840.62,True,,
F_0264,STAND_UP,871.737,3357.549,485.647,0.161,89.547,89.807,179.536,4894.573,True,,
F_0265,STAND_UP,943.562,2609.027,487.449,0.13,89.151,90.233,179.533,4219.677,True,,
F_0266,STAND_UP,560.995,4026.019,487.327,0.068,90.489,90.236,180.813,5255.229,True,,
F_0267,STAND_UP,1031.715,4635.571,533.447,0.059,89.034,89.112,178.222,6379.028,True,,
F_0268,STAND_UP,1121.193,3420.795,667.431,0.074,89.584,90.146,179.82,5389.329,True,,
F_0269,STAND_UP,554.957,6281.063,578.329,0.085,89.739,90.2,180.039,7594.47,True,,
F_0270,STAND_UP,18.653,4704.398,352.69,0.061,88.555,90.019,178.651,5254.472,True,,
F_0271,STAND_UP,564.953,2449.411,396.959,0.064,89.071,89.808,178.962,3590.365,True,,
F_0272,STAND_UP,131.769,2609.638,442.669,0.296,89.243,90.294,179.854,3364.048,True,,
F_0273,STAND_UP,1223.321,2688.887,353.437,0.134,88.609,90.072,178.833,4444.577,True,,
F_0274,STAND_UP,558.23,2587.835,401.906,0.135,85.379,90.174,175.708,3723.783,True,,
F_0275,STAND_UP,362.511,2602.916,400.558,0.063,88.752,90.067,178.901,3544.968,True,,
F_0276,STAND_UP,1392.757,3914.447,399.43,0.067,133.619,90.093,223.795,5930.506,True,,
F_0277,STAND_UP,484.105,2616.316,400.596,0.056,88.62,89.995,178.685,3679.776,True,,
F_0278,STAND_UP,767.085,2604.838,399.459,0.06,88.661,90.09,178.826,3950.278,True,,
F_0279,STAND_UP,562.502,2629.854,398.353,0.06,88.58,90.094,178.75,3769.542,True,,
F_0280,STAND_UP,889.726,2617.26,399.137,0.13,88.184,90.331,178.665,4084.896,True,,
F_0281,STAND_UP,692.006,3896.123,397.748,0.102,88.309,90.051,178.479,5164.473,True,,
F_0282,STAND_UP,744.015,4652.758,398.464,0.141,88.54,90.171,178.872,5974.209,True,,
F_0283,STAND_UP,1089.697,5385.54,399.793,0.126,88.746,91.068,179.958,7055.139,True,,
F_0284,STAND_UP,1192.798,4609.795,398.679,0.065,87.704,90.156,177.94,6379.287,True,,
F_0285,STAND_UP,1227.691,2638.34,398.885,0.137,88.424,90.076,178.774,4443.8,True,,
F_0286,STAND_UP,39.206,3918.043,398.025,0.059,88.483,90.052,178.609,4533.952,True,,
F_0287,STAND_UP,1431.48,5314.745,488.471,0.132,89.23,89.393,178.775,7413.571,True,,
F_0288,STAND_UP,4459.887,2644.806,490.426,0.098,88.43,90.016,178.562,7773.799,True,,
F_0289,STAND_UP,267.169,3914.68,488.687,0.057,89.054,89.601,178.726,4849.354,True,,
F_0290,STAND_UP,3622.188,2631.47,487.381,0.13,88.349,90.252,178.751,6919.913,True,,
F_0291,STAND_UP,421.165,5920.536,488.873,0.064,88.688,90.835,179.603,7010.257,True,,
F_0292,STAND_UP,2515.598,2611.596,488.57,0.067,88.446,90.206,178.734,5794.577,True,,
F_0293,STAND_UP,852.566,2609.084,804.278,0.061,88.481,89.898,178.455,4444.46,True,,
F_0294,STAND_UP,908.695,2642.214,397.792,0.128,89.968,90.042,180.155,4128.955,True,,
F_0295,STAND_UP,674.219,2696.698,399.273,0.074,88.702,90.097,178.888,3949.149,True,,
F_0296,STAND_UP,1025.404,5361.347,444.521,0.062,88.555,90.05,178.684,7010.026,True,,
F_0297,STAND_UP,1111.103,6671.003,398.605,0.074,88.331,90.051,178.473,8359.284,True,,
F_0298,STAND_UP,1920.427,2620.11,399.118,0.156,88.448,90.224,178.848,5118.609,True,,
F_0299,STAND_UP,1247.28,2619.081,398.401,0.061,88.62,90.097,178.794,4443.644,True,,
F_0300,STAND_UP,1303.31,3372.576,398.97,0.056,88.564,90.14,178.779,5253.73,True,,
F_0301,STAND_UP,552.168,2412.858,399.47,0.065,89.515,89.068,178.666,3543.24,True,,
F_0302,STAND_UP,165.038,4689.795,444.626,0.07,89.04,90.633,179.757,5479.299,True,,
F_0303,STAND_UP,591.367,2554.997,399.104,0.058,88.827,90.859,179.767,3725.309,True,,
F_0304,STAND_UP,2326.172,2574.038,400.146,0.063,88.7,91.28,180.058,5480.494,True,,
F_0305,STAND_UP,628.719,4636.129,395.481,0.06,89.596,90.015,179.687,5840.091,True,,
F_0306,STAND_UP,426.432,4745.173,398.613,0.069,88.634,91.044,179.761,5750.055,True,,
F_0307,STAND_UP,769.268,2693.205,398.006,0.065,89.27,90.444,179.794,4040.348,True,,
F_0308,STAND_UP,554.284,3942.698,396.896,0.128,90.985,90.168,181.298,5075.287,True,,
F_0309,STAND_UP,650.086,3895.577,485.14,0.064,134.284,90.527,224.891,5255.774,True,,
F_0310,STAND_UP,967.313,2674.461,351.92,0.061,90.545,90.281,180.903,4174.68,True,,
F_0311,STAND_UP,734.829,7947.588,397.457,0.061,89.461,90.265,179.803,9259.755,True,,
F_0312,STAND_UP,1107.19,2625.072,397.395,0.059,89.846,89.979,179.9,4309.63,True,,
F_0313,STAND_UP,1213.802,4678.084,442.522,0.073,89.637,90.0,179.726,6514.213,True,,
F_0314,STAND_UP,1986.26,4626.716,396.496,0.302,89.087,90.103,179.515,7189.091,True,,
F_0315,STAND_UP,85.097,2655.352,399.028,0.143,90.394,89.099,179.656,3319.234,True,,
F_0316,STAND_UP,558.477,3219.736,397.021,0.059,89.515,89.942,179.532,4354.847,True,,
F_0317,STAND_UP,629.644,3192.062,397.786,0.124,89.149,90.305,179.597,4399.192,True,,
F_0318,STAND_UP,559.703,2722.999,397.353,0.133,89.472,90.003,179.638,3859.798,True,,
F_0319,STAND_UP,1644.169,3347.175,443.419,0.057,89.966,89.671,179.708,5614.557,True,,
F_0320,STAND_UP,1449.997,2597.637,442.677,0.07,89.7,89.96,179.746,4670.133,True,,
F_0321,STAND_UP,759.815,4637.97,397.146,0.066,90.033,89.9,180.015,5975.028,True,,
F_0322,STAND_UP,574.177,4644.332,397.053,0.142,89.552,90.098,179.811,5795.481,True,,
F_0323,STAND_UP,903.609,2647.856,396.883,0.126,90.65,135.2,225.996,4174.452,True,,
F_0324,STAND_UP,566.349,1995.294,488.46,0.132,89.351,89.999,179.499,3229.71,True,,
F_0325,STAND_UP,1023.493,2619.29,488.54,0.058,88.598,135.079,223.749,4355.148,True,,
F_0326,STAND_UP,1076.161,2610.169,488.328,0.094,89.057,90.642,179.81,4354.624,True,,
F_0327,STAND_UP,3236.517,2519.916,488.323,0.058,135.398,89.339,224.814,6469.643,True,,
F_0328,STAND_UP,1227.162,2595.101,487.599,0.07,89.671,90.338,180.097,4490.039,True,,
F_0329,STAND_UP,1276.897,2635.904,846.6,0.059,89.773,89.592,179.439,4938.918,True,,
F_0330,STAND_UP,1377.591,3343.305,579.086,0.073,89.704,89.653,179.445,5479.5,True,,
F_0331,STAND_UP,1144.15,2587.663,399.138,0.06,88.535,90.341,178.952,4309.978,True,,
F_0332,STAND_UP,1222.32,2643.803,398.606,0.06,88.859,91.113,180.048,4444.851,True,,
F_0333,STAND_UP,1320.546,2635.942,399.495,0.147,88.358,90.143,178.667,4534.765,True,,
F_0334,STAND_UP,630.802,2604.514,399.867,0.059,88.203,90.414,178.692,3813.951,True,,
F_0335,STAND_UP,2456.651,2671.051,399.137,0.069,88.73,90.13,178.954,5705.879,True,,
F_0336,STAND_UP,740.624,2630.632,399.535,0.073,88.586,89.779,178.454,3949.325,True,,
F_0337,STAND_UP,547.293,3949.306,354.358,0.142,89.429,89.136,178.727,5029.78,True,,
F_0338,STAND_UP,4632.284,3914.159,444.347,0.071,88.592,90.196,178.875,9169.747,True,,
F_0339,STAND_UP,727.113,2645.037,400.485,0.064,87.597,90.212,177.889,3950.6,True,,
F_0340,STAND_UP,1033.401,2653.174,354.353,0.06,88.444,90.089,178.608,4219.606,True,,
F_0341,STAND_UP,799.172,4641.439,399.845,0.065,88.49,90.391,178.962,6019.511,True,,
F_0342,STAND_UP,1906.114,2591.949,442.897,0.065,88.61,90.195,178.887,5119.922,True,,
F_0343,STAND_UP,1243.969,3344.061,398.37,0.067,88.428,90.134,178.646,5165.125,True,,
F_0344,STAND_UP,1299.079,2611.954,444.289,0.066,88.465,90.131,178.678,4534.085,True,,
F_0345,STAND_UP,66.802,3890.192,398.511,0.075,133.514,90.014,223.617,4579.203,True,,
F_0346,STAND_UP,120.896,2618.269,445.804,0.141,88.399,90.353,178.913,3363.999,True,,
F_0347,STAND_UP,561.047,2539.496,399.572,0.126,88.028,90.232,178.405,3678.623,True,,
F_0348,STAND_UP,239.649,2637.202,399.332,0.062,133.804,89.92,223.803,3500.064,True,,
F_0349,STAND_UP,621.756,2616.015,398.119,0.061,88.963,89.885,178.921,3814.881,True,,
F_0350,STAND_UP,354.285,4682.091,444.725,0.125,87.993,91.157,179.296,5660.499,True,,
F_0351,STAND_UP,702.936,2623.229,444.311,0.144,88.579,90.107,178.85,3949.433,True,,
F_0352,STAND_UP,508.021,2637.817,399.466,0.126,88.651,90.22,179.016,3724.431,True,,
F_0353,STAND_UP,819.269,2640.001,446.167,0.142,88.462,90.267,178.891,4084.432,True,,
F_0354,STAND_UP,552.142,7949.589,443.932,0.06,88.527,90.267,178.869,9124.606,True,,
F_0355,STAND_UP,582.949,4813.712,397.087,0.063,89.741,90.652,180.472,5974.302,True,,
F_0356,STAND_UP,1052.679,3352.757,399.735,0.076,88.488,90.162,178.744,4983.99,True,,
F_0357,STAND_UP,1844.795,4630.155,400.872,0.068,88.612,89.993,178.691,7054.591,True,,
F_0358,STAND_UP,1194.818,2625.696,398.924,0.06,89.591,88.981,178.649,4398.16,True,,
F_0359,STAND_UP,1259.228,3369.556,401.133,0.131,88.2,90.17,178.521,5208.541,True,,
F_0360,STAND_UP,18.146,5918.582,398.955,0.057,88.664,90.057,178.794,6514.552,True,,
F_0361,STAND_UP,124.983,2615.74,443.874,0.13,88.567,90.255,178.974,3363.676,True,,
F_0362,STAND_UP,562.076,2494.332,444.719,0.106,87.481,89.794,177.397,3678.616,True,,
F_0363,STAND_UP,254.349,4602.182,489.386,0.065,88.451,90.273,178.803,5524.81,True,,
F_0364,STAND_UP,582.209,2609.936,398.558,0.081,88.263,90.235,178.595,3769.373,True,,
F_0365,STAND_UP,1615.831,3373.426,400.819,0.057,88.68,90.043,178.798,5568.961,True,,
F_0366,STAND_UP,687.426,3359.333,398.674,0.212,88.365,89.99,178.609,4624.143,True,,
F_0367,STAND_UP,786.617,3349.482,399.267,0.072,88.729,90.645,179.463,4714.903,True,,
F_0368,STAND_UP,1572.257,2609.71,488.826,0.136,88.333,91.298,179.788,4850.707,True,,
F_0369,STAND_UP,897.851,3372.63,489.609,0.063,88.941,90.038,179.083,4939.246,True,,
F_0370,STAND_UP,956.339,3360.272,489.222,0.06,88.568,91.051,179.695,4985.6,True,,
F_0371,STAND_UP,1024.341,5361.075,489.434,0.066,88.545,91.02,179.646,7054.597,True,,
F_0372,STAND_UP,1105.011,2673.908,441.168,0.06,88.514,91.214,179.803,4399.98,True,,
F_0373,STAND_UP,1143.469,3353.682,488.825,0.105,89.179,90.178,179.482,5165.582,True,,
F_0374,STAND_UP,1267.596,2599.474,802.855,0.058,89.492,89.856,179.423,4849.427,True,,
F_0375,STAND_UP,1294.931,4642.252,397.156,0.063,89.637,90.383,180.098,6514.513,True,,
F_0376,STAND_UP,102.343,2639.237,443.48,0.064,89.776,89.688,179.544,3364.68,True,,
F_0377,STAND_UP,554.753,3224.931,441.04,0.072,89.909,89.827,179.823,4400.628,True,,
F_0378,STAND_UP,559.086,4567.41,399.06,0.134,89.487,90.212,179.855,5705.51,True,,
F_0379,STAND_UP,269.6,6657.46,398.508,0.062,89.408,90.027,179.512,7505.154,True,,
F_0380,STAND_UP,651.945,2631.752,396.974,0.16,89.362,89.907,179.449,3860.219,True,,
F_0381,STAND_UP,458.627,4579.537,397.445,0.126,89.535,92.088,181.77,5617.489,True,,
F_0382,STAND_UP,1502.358,4613.365,397.915,0.124,90.764,90.318,181.226,6694.965,True,,
F_0383,STAND_UP,852.335,3376.262,395.057,0.063,90.847,90.182,181.107,4804.84,True,,
F_0384,STAND_UP,901.631,2650.066,443.006,0.067,89.674,90.232,179.991,4174.775,True,,
F_0385,STAND_UP,581.339,2070.777,442.761,0.059,89.438,90.08,179.592,3274.538,True,,
F_0386,STAND_UP,1020.201,2622.052,397.629,0.101,89.266,90.043,179.429,4219.398,True,,
F_0387,STAND_UP,1075.178,2611.649,442.96,0.058,89.574,89.716,179.365,4309.226,True,,
F_0388,STAND_UP,1195.114,2627.194,442.115,0.056,89.62,90.324,180.015,4444.51,True,,
F_0389,STAND_UP,1228.959,2638.135,397.622,0.101,89.31,90.086,179.516,4444.309,True,,
F_0390,STAND_UP,2015.776,2617.624,486.219,0.124,89.84,90.982,180.963,5300.665,True,,
F_0391,STAND_UP,571.936,2394.119,488.283,0.071,89.621,89.993,179.7,3634.112,True,,
F_0392,STAND_UP,3451.129,3343.664,530.742,0.06,89.688,90.073,179.836,7505.453,True,,
F_0393,STAND_UP,1289.379,2578.405,487.142,0.056,89.733,90.137,179.942,4534.941,True,,
F_0394,STAND_UP,575.439,2573.158,487.262,0.056,89.504,90.192,179.767,3815.721,True,,
F_0395,STAND_UP,351.156,2617.082,623.0,0.086,88.521,90.246,178.871,3770.202,True,,
F_0396,STAND_UP,662.445,2618.513,623.903,0.059,89.947,90.171,180.198,4085.139,True,,
F_0397,STAND_UP,472.053,2630.367,397.783,0.063,89.599,90.427,180.107,3680.388,True,,
F_0398,STAND_UP,1511.786,2625.801,443.079,0.061,90.336,88.49,178.903,4759.666,True,,
F_0399,STAND_UP,861.12,7370.332,398.488,0.058,89.505,90.202,179.781,8809.81,True,,
F_0400,STAND_UP,950.327,2646.431,398.5,0.128,88.424,90.044,178.618,4173.981,True,,
F_0401,STAND_UP,560.866,2045.69,443.611,0.065,89.478,90.052,179.61,3229.851,True,,
F_0402,STAND_UP,3825.812,5936.286,398.497,0.06,88.838,135.052,223.967,10384.636,True,,
F_0403,STAND_UP,1879.688,4642.057,397.436,0.131,89.472,90.045,179.668,7098.961,True,,
F_0404,STAND_UP,1236.672,3350.867,397.552,0.068,88.644,90.039,178.767,5163.935,True,,
F_0405,STAND_UP,1290.96,2621.303,398.276,0.107,88.221,90.112,178.458,4489.128,True,,
F_0406,STAND_UP,103.545,2680.822,445.406,0.075,133.737,90.128,223.956,3453.804,True,,
F_0407,STAND_UP,1155.798,2667.758,443.113,0.058,88.74,90.035,178.85,4445.613,True,,
F_0408,STAND_UP,555.031,5292.366,399.089,0.059,88.558,89.821,178.453,6425.037,True,,
F_0409,STAND_UP,610.373,2626.438,398.882,0.061,88.679,89.983,178.738,3814.509,True,,
F_0410,STAND_UP,370.29,3902.155,399.297,0.065,88.729,89.959,178.769,4850.592,True,,
F_0411,STAND_UP,417.995,3898.162,489.497,0.06,88.515,90.045,178.634,4984.363,True,,
F_0412,STAND_UP,1758.49,5392.515,398.126,0.065,90.447,89.891,180.419,7729.622,True,,
F_0413,STAND_UP,858.286,3415.113,352.15,0.138,88.682,89.954,178.791,4804.44,True,,
F_0414,STAND_UP,908.632,4623.079,398.841,0.066,88.513,90.009,178.603,6109.23,True,,
F_0415,STAND_UP,558.8,2048.818,443.273,0.064,88.49,90.133,178.702,3229.669,True,,
F_0416,STAND_UP,768.509,3908.323,443.457,0.061,88.464,90.073,178.613,5298.972,True,,
F_0417,STAND_UP,1119.804,5309.916,400.561,0.058,88.555,89.9,178.53,7008.886,True,,
F_0418,STAND_UP,1166.643,2608.94,399.378,0.063,88.78,89.574,178.434,4353.499,True,,
F_0419,STAND_UP,1214.588,4633.127,442.181,0.067,88.449,90.389,178.921,6468.904,True,,
F_0420,STAND_UP,1306.673,2650.11,398.298,0.062,88.649,89.976,178.703,4533.859,True,,
F_0421,STAND_UP,4113.516,4658.553,399.298,0.098,88.059,90.918,179.093,9350.566,True,,
F_0422,STAND_UP,560.799,2587.232,443.586,0.325,88.395,90.092,178.84,3770.557,True,,
F_0423,STAND_UP,291.883,2584.984,398.668,0.057,88.784,89.822,178.679,3454.29,True,,
F_0424,STAND_UP,574.504,3381.827,354.045,0.07,88.758,89.829,178.671,4489.117,True,,
F_0425,STAND_UP,670.785,4634.455,399.994,0.132,88.54,90.32,179.009,5884.343,True,,
F_0426,STAND_UP,466.518,3895.614,396.379,0.062,90.258,90.12,180.457,4939.039,True,,
F_0427,STAND_UP,1800.561,4629.789,442.779,0.061,90.207,90.07,180.356,7053.565,True,,
F_0428,STAND_UP,698.17,3797.938,401.693,0.067,85.852,90.228,176.162,5074.042,True,,
F_0429,STAND_UP,550.284,2730.59,398.912,0.067,88.925,90.249,179.257,3859.119,True,,
F_0430,STAND_UP,975.87,3340.522,398.673,0.117,88.31,90.722,179.169,4894.386,True,,
F_0431,STAND_UP,1805.488,5976.053,443.379,0.122,133.557,90.086,223.786,8448.81,True,,
F_0432,STAND_UP,1155.635,2619.925,399.538,0.131,88.484,89.958,178.589,4353.805,True,,
F_0433,STAND_UP,1207.08,4638.988,488.41,0.06,88.634,90.077,178.787,6513.339,True,,
F_0434,STAND_UP,1299.045,2654.788,400.686,0.06,88.507,89.991,178.587,4533.195,True,,
F_0435,STAND_UP,65.256,3891.713,398.827,0.066,88.687,91.062,179.831,4535.712,True,,
F_0436,STAND_UP,128.985,2610.668,445.779,0.059,88.839,91.183,180.102,3365.609,True,,
F_0437,STAND_UP,2505.303,8649.858,400.424,0.083,89.632,89.753,179.482,11735.152,True,,
F_0438,STAND_UP,335.285,5919.522,395.311,0.32,89.211,90.006,179.56,6829.78,True,,
F_0439,STAND_UP,398.047,2613.306,397.711,0.129,90.7,90.092,180.941,3590.103,True,,
F_0440,STAND_UP,742.294,2629.077,397.513,0.056,89.943,91.241,181.256,3950.222,True,,
F_0441,STAND_UP,503.725,5928.042,397.029,0.06,90.161,90.92,181.157,7010.024,True,,
F_0442,STAND_UP,556.422,1914.272,444.546,0.063,89.353,90.302,179.743,3095.054,True,,
F_0443,STAND_UP,559.527,2001.425,534.643,0.154,88.135,91.58,179.893,3275.603,True,,
F_0444,STAND_UP,966.092,2674.668,399.395,0.101,88.109,91.049,179.278,4219.555,True,,
F_0445,STAND_UP,599.972,2052.169,442.621,0.065,89.379,91.946,181.412,3276.259,True,,
F_0446,STAND_UP,1817.586,5921.557,440.394,0.131,90.255,89.316,179.722,8359.366,True,,
F_0447,STAND_UP,1161.486,2614.477,488.533,0.06,89.624,90.175,179.876,4444.445,True,,
F_0448,STAND_UP,3242.198,3414.172,443.02,0.207,89.405,90.234,179.866,7279.355,True,,
F_0449,STAND_UP,556.797,3132.628,621.436,0.068,89.366,89.896,179.345,4490.28,True,,
F_0450,STAND_UP,550.281,3181.75,578.791,0.063,89.711,90.01,179.8,4490.693,True,,
F_0451,STAND_UP,565.461,2491.582,623.04,0.062,89.447,90.171,179.696,3859.86,True,,
F_0452,STAND_UP,1520.561,4685.888,533.506,0.083,89.874,89.77,179.742,6919.781,True,,
F_0453,STAND_UP,316.409,2650.648,804.329,0.07,89.132,89.783,179.0,3950.486,True,,
F_0454,STAND_UP,645.051,3357.608,488.069,0.065,88.682,90.172,178.934,4669.737,True,,
F_0455,STAND_UP,1420.295,2626.601,488.565,0.102,89.374,90.062,179.556,4715.126,True,,
F_0456,STAND_UP,793.165,3343.761,577.685,0.128,89.33,90.126,179.606,4894.324,True,,
F_0457,STAND_UP,834.137,3347.719,487.741,0.065,89.496,90.011,179.614,4849.287,True,,
F_0458,STAND_UP,898.502,3373.608,487.835,0.061,89.629,89.917,179.623,4939.651,True,,
F_0459,STAND_UP,979.494,2572.214,532.808,0.073,89.625,90.943,180.657,4265.248,True,,
F_0460,STAND_UP,1770.871,2590.908,892.668,0.123,89.433,90.055,179.63,5434.183,True,,
F_0461,STAND_UP,2086.349,4705.212,578.016,0.062,89.619,90.011,179.706,7549.382,True,,
F_0462,STAND_UP,1177.061,2644.291,397.617,0.076,89.329,91.655,181.078,4400.148,True,,
F_0463,STAND_UP,3257.831,3353.377,398.204,0.058,89.725,89.973,179.771,7189.27,True,,
F_0464,STAND_UP,1363.039,3314.897,397.881,0.126,89.712,89.71,179.568,5255.543,True,,
F_0465,STAND_UP,577.031,2436.377,396.086,0.124,89.894,89.877,179.915,3589.513,True,,
F_0466,STAND_UP,164.99,3882.733,396.772,0.123,89.773,90.153,180.073,4624.666,True,,
F_0467,STAND_UP,246.683,3936.363,397.828,0.095,89.35,90.091,179.553,4760.51,True,,
F_0468,STAND_UP,1591.042,2635.93,396.998,0.268,90.434,89.935,180.658,4804.794,True,,
F_0469,STAND_UP,364.849,5930.548,398.372,0.068,90.876,90.099,181.058,6874.903,True,,
F_0470,STAND_UP,447.138,2607.673,398.726,0.058,90.866,90.095,181.034,3634.649,True,,
F_0471,STAND_UP,757.854,2615.325,396.245,0.068,89.956,90.007,180.046,3949.576,True,,
F_0472,STAND_UP,550.978,2639.282,400.184,0.06,88.709,89.999,178.784,3769.303,True,,
F_0473,STAND_UP,878.999,4653.196,396.974,0.123,89.856,89.972,179.971,6109.251,True,,
F_0474,STAND_UP,695.593,2586.532,397.182,0.135,89.826,89.672,179.65,3859.059,True,,
F_0475,STAND_UP,1024.9,2616.64,444.376,0.059,136.366,87.282,223.723,4309.805,True,,
F_0476,STAND_UP,1154.35,2531.747,399.543,0.061,88.46,90.303,178.839,4264.552,True,,
F_0477,STAND_UP,1881.123,2660.174,399.567,0.073,88.511,90.098,178.697,5119.641,True,,
F_0478,STAND_UP,1189.483,3350.539,400.152,0.108,88.209,90.162,178.498,5118.812,True,,
F_0479,STAND_UP,1289.54,3342.24,399.226,0.099,88.262,90.566,178.942,5210.046,True,,
F_0480,STAND_UP,112.882,6632.732,400.181,0.062,88.549,89.71,178.337,7324.212,True,,
F_0481,STAND_UP,560.526,2453.203,397.712,0.144,88.566,90.1,178.83,3590.383,True,,
F_0482,STAND_UP,2224.423,5916.639,399.615,0.153,88.186,90.244,178.605,8719.386,True,,
F_0483,STAND_UP,282.763,2640.422,396.759,0.059,90.473,89.943,180.491,3500.509,True,,
F_0484,STAND_UP,692.702,2589.288,396.897,0.097,90.214,90.874,181.204,3860.203,True,,
F_0485,STAND_UP,406.733,2604.746,398.838,0.059,88.72,89.767,178.561,3588.955,True,,
F_0486,STAND_UP,2729.956,2620.447,400.509,0.06,88.622,89.713,178.411,5929.422,True,,
F_0487,STAND_UP,513.154,2633.002,399.492,0.087,88.5,89.998,178.602,3724.349,True,,
F_0488,STAND_UP,866.803,2638.21,400.354,0.084,88.34,91.291,179.735,4085.189,True,,
F_0489,STAND_UP,504.69,2013.78,441.842,0.057,88.56,90.081,178.715,3139.104,True,,
F_0490,STAND_UP,781.749,4570.22,397.575,0.124,88.495,90.345,178.984,5928.628,True,,
F_0491,STAND_UP,1037.046,3369.487,398.23,0.306,88.297,90.099,178.723,4983.584,True,,
F_0492,STAND_UP,1104.179,4651.475,399.111,0.291,88.114,90.098,178.525,6333.414,True,,
F_0493,STAND_UP,1178.122,4625.3,398.234,0.063,88.426,90.143,178.648,6380.388,True,,
F_0494,STAND_UP,1285.274,2626.121,444.549,0.124,88.302,89.81,178.255,4534.329,True,,
F_0495,STAND_UP,37.594,2614.059,488.944,0.062,88.76,90.009,178.849,3319.527,True,,
F_0496,STAND_UP,550.132,3181.724,398.794,0.059,88.23,90.592,178.897,4309.64,True,,
F_0497,STAND_UP,4503.172,2604.1,398.286,0.06,88.661,89.767,178.505,7684.147,True,,
F_0498,STAND_UP,240.734,2633.277,446.271,0.106,88.24,90.223,178.588,3499.061,True,,
F_0499,STAND_UP,602.616,2632.903,398.023,0.059,90.548,89.934,180.556,3814.175,True,,
F_0500,STAND_UP,374.934,2592.105,396.539,0.125,90.197,89.915,180.256,3543.943,True,,
