trial_id,success,error,t0_start_ns,t1_socket_ready_ns,t2_handshake_done_ns,t3_command_sent_ns,t4_ack_received_ns,socket_setup_ms,handshake_ms,command_ack_ms,total_ms,payload_len,ack_len
t0001,true,,3476977805120,3476977851819,3477520817110,3477520847396,3477725508662,0.0467,542.9653,204.6613,747.7035,40,31
t0002,true,,3477975683220,3477975724789,3478478386737,3478478412825,3478605775658,0.0416,502.6619,127.3628,630.0924,40,31
t0003,true,,3478855894977,3478855926796,3479082917024,3479082937971,3479142782752,0.0318,226.9902,59.8448,286.8878,40,31
t0004,true,,3479392950202,3479392982068,3479421100939,3479421112620,3479423748052,0.0319,28.1189,2.6354,30.7979,40,31
t0005,true,,3479673847908,3479673899933,3479703238286,3479703250550,3479710384096,0.0520,29.3384,7.1335,36.5362,40,31
t0006,true,,3479960534046,3479960564096,3480011393433,3480011414231,3480029771284,0.0301,50.8293,18.3571,69.2372,40,31
t0007,true,,3480279926399,3480279956884,3480438997958,3480439022859,3480493062032,0.0305,159.0411,54.0392,213.1356,40,31
t0008,true,,3480743202911,3480743227990,3480752924770,3480752935447,3480754490878,0.0251,9.6968,1.5554,11.2880,40,31
t0009,true,,3481004633430,3481004665332,3481092109083,3481092122040,3481094460175,0.0319,87.4438,2.3381,89.8267,40,31
t0010,true,,3481344584272,3481344614589,3481538185041,3481538195655,3481540355900,0.0303,193.5705,2.1602,195.7716,40,31
t0011,true,,3481790495390,3481790517855,3481842153794,3481842165308,3481844144704,0.0225,51.6359,1.9794,53.6493,40,31
t0012,true,,3482094346911,3482094371745,3482112637896,3482112643855,3482114678836,0.0248,18.2662,2.0350,20.3319,40,31
t0013,true,,3482364803746,3482364834773,3482389252280,3482389275589,3482390957602,0.0310,24.4175,1.6820,26.1539,40,31
t0014,true,,3482641205989,3482641234889,3482660703656,3482660714365,3482662683614,0.0289,19.4688,1.9692,21.4776,40,31
t0015,true,,3482912908853,3482912940072,3482929839871,3482929850607,3482931888451,0.0312,16.8998,2.0378,18.9796,40,31
t0016,true,,3483182116920,3483182144519,3483206061000,3483206072233,3483208134897,0.0276,23.9165,2.0627,26.0180,40,31
t0017,true,,3483458344890,3483458369002,3483471109203,3483471119690,3483473028801,0.0241,12.7402,1.9091,14.6839,40,31
t0018,true,,3483723140248,3483723170328,3483756606319,3483756617156,3483759789415,0.0301,33.4360,3.1723,36.6492,40,31
t0019,true,,3484010016688,3484010045804,3484027169194,3484027185836,3484029261898,0.0291,17.1234,2.0761,19.2452,40,31
t0020,true,,3484279502098,3484279535966,3484290943738,3484290954766,3484293921074,0.0339,11.4078,2.9663,14.4190,40,31
t0021,true,,3484544008256,3484544034969,3484553568481,3484553586999,3484555507016,0.0267,9.5335,1.9200,11.4988,40,31
t0022,true,,3484805745086,3484805774101,3484865365581,3484865388096,3484878538870,0.0290,59.5915,13.1508,72.7938,40,31
t0023,true,,3485128659963,3485128690698,3485150680801,3485150700311,3485154060229,0.0307,21.9901,3.3599,25.4003,40,31
t0024,true,,3485404167651,3485404195343,3485417632870,3485417644185,3485419977770,0.0277,13.4375,2.3336,15.8101,40,31
t0025,true,,3485670088258,3485670124326,3485686091345,3485686114088,3485688406450,0.0361,15.9670,2.2924,18.3182,40,31
t0026,true,,3485938540149,3485938574818,3485949205170,3485949216104,3485956770349,0.0347,10.6304,7.5542,18.2302,40,31
t0027,true,,3486206880361,3486206911633,3486225496478,3486225510567,3486228039262,0.0313,18.5848,2.5287,21.1589,40,31
t0028,true,,3486478154271,3486478190524,3486496188130,3486496198759,3486499376964,0.0363,17.9976,3.1782,21.2227,40,31
t0029,true,,3486749517032,3486749720669,3486763134647,3486763141875,3486766543609,0.2036,13.4140,3.4017,17.0266,40,31
t0030,true,,3487016668325,3487016695834,3487033303288,3487033315346,3487043214463,0.0275,16.6075,9.8991,26.5461,40,31
t0031,true,,3487293466122,3487293496277,3487306904664,3487306912314,3487310995566,0.0302,13.4084,4.0833,17.5294,40,31
t0032,true,,3487561104619,3487561127156,3487572195244,3487572207312,3487574196678,0.0225,11.0681,1.9894,13.0921,40,31
t0033,true,,3487824308222,3487824340497,3487850875107,3487850891779,3487853199634,0.0323,26.5346,2.3079,28.8914,40,31
t0034,true,,3488103301327,3488103331799,3488119830248,3488119841923,3488124378738,0.0305,16.4984,4.5368,21.0774,40,31
t0035,true,,3488374523060,3488374719927,3488396127703,3488396141573,3488399635866,0.1969,21.4078,3.4943,25.1128,40,31
t0036,true,,3488649732124,3488649755085,3488667741934,3488667754733,3488670213348,0.0230,17.9868,2.4586,20.4812,40,31
t0037,true,,3488920432970,3488920458746,3488948150800,3488948173187,3488951339789,0.0258,27.6921,3.1666,30.9068,40,31
t0038,true,,3489201456084,3489201493851,3489219300827,3489219313258,3489222436135,0.0378,17.8070,3.1229,20.9801,40,31
t0039,true,,3489472646393,3489472670254,3489500694880,3489500708283,3489505120762,0.0239,28.0246,4.4125,32.4744,40,31
t0040,true,,3489755221938,3489755250966,3489787197297,3489787212934,3489804193830,0.0290,31.9463,16.9809,48.9719,40,31
t0041,true,,3490054299133,3490054321892,3490070492238,3490070504037,3490072883918,0.0228,16.1703,2.3799,18.5848,40,31
t0042,true,,3490323090199,3490323118147,3490368022540,3490368039584,3490371912822,0.0279,44.9044,3.8732,48.8226,40,31
t0043,true,,3490622148856,3490622182737,3490636678234,3490636690068,3490645447366,0.0339,14.4955,8.7573,23.2985,40,31
t0044,true,,3490895551174,3490895572699,3490923724704,3490923740057,3490926920253,0.0215,28.1520,3.1802,31.3691,40,31
t0045,true,,3491177069963,3491177311145,3491215739250,3491215752844,3491217957956,0.2412,38.4281,2.2051,40.8880,40,31
t0046,true,,3491468079079,3491468118030,3491492144917,3491492157217,3491494462232,0.0390,24.0269,2.3050,26.3832,40,31
t0047,true,,3491744658794,3491744688756,3491756696276,3491756700441,3491758455812,0.0300,12.0075,1.7554,13.7970,40,31
t0048,true,,3492008579669,3492008608253,3492067962749,3492067983812,3492084880489,0.0286,59.3545,16.8967,76.3008,40,31
t0049,true,,3492335040433,3492335072392,3492479467721,3492479482619,3492502391866,0.0320,144.3953,22.9092,167.3514,40,31
t0050,true,,3492752541239,3492752564523,3492808236495,3492808251246,3492820967459,0.0233,55.6720,12.7162,68.4262,40,31
t0051,true,,3493071133333,3493071157326,3493191910973,3493191927708,3493225018791,0.0240,120.7536,33.0911,153.8855,40,31
t0052,true,,3493475227865,3493475252503,3493540180234,3493540197636,3493554946613,0.0246,64.9277,14.7490,79.7187,40,31
t0053,true,,3493805194312,3493805222945,3493833981016,3493833996900,3493847318469,0.0286,28.7581,13.3216,42.1242,40,31
t0054,true,,3494097478264,3494097746034,3494113084042,3494113092199,3494115412414,0.2678,15.3380,2.3202,17.9341,40,31
t0055,true,,3494365521604,3494365550930,3494381617630,3494381632556,3494384557519,0.0293,16.0667,2.9250,19.0359,40,31
t0056,true,,3494634707780,3494634746601,3494650541369,3494650557073,3494653626690,0.0388,15.7948,3.0696,18.9189,40,31
t0057,true,,3494903775463,3494903807412,3494918639752,3494918658501,3494922735218,0.0319,14.8323,4.0767,18.9598,40,31
t0058,true,,3495172862460,3495172898816,3495193413972,3495193424907,3495196065022,0.0364,20.5152,2.6401,23.2026,40,31
t0059,true,,3495446169623,3495446194353,3495461070892,3495461084791,3495463967993,0.0247,14.8765,2.8832,17.7984,40,31
t0060,true,,3495714079272,3495714107183,3495740153981,3495740171486,3495746566378,0.0279,26.0468,6.3949,32.4871,40,31
t0061,true,,3495996667163,3495996697713,3496033528602,3496033546690,3496051616957,0.0306,36.8309,18.0703,54.9498,40,31
t0062,true,,3496301836424,3496301860658,3496325863891,3496325874505,3496344963895,0.0242,24.0032,19.0894,43.1275,40,31
t0063,true,,3496595073738,3496595097294,3496690333483,3496690347819,3496694709015,0.0236,95.2362,4.3612,99.6353,40,31
t0064,true,,3496944810767,3496944837511,3496963133631,3496963145230,3496966135322,0.0267,18.2961,2.9901,21.3246,40,31
t0065,true,,3497216357629,3497216387615,3497231593298,3497231606727,3497234283421,0.0300,15.2057,2.6767,17.9258,40,31
t0066,true,,3497484389780,3497484422578,3497497818901,3497497834253,3497499743753,0.0328,13.3963,1.9095,15.3540,40,31
t0067,true,,3497749871280,3497749897728,3497769415713,3497769431890,3497771319355,0.0264,19.5180,1.8875,21.4481,40,31
t0068,true,,3498021471464,3498021499828,3498052701104,3498052721364,3498055424500,0.0284,31.2013,2.7031,33.9530,40,31
t0069,true,,3498305587087,3498305622237,3498321356653,3498321369598,3498327024575,0.0352,15.7344,5.6550,21.4375,40,31
t0070,true,,3498577129202,3498577162488,3498623377611,3498623395460,3498627509715,0.0333,46.2151,4.1143,50.3805,40,31
t0071,true,,3498877655957,3498877679832,3498896103070,3498896121386,3498899841803,0.0239,18.4232,3.7204,22.1858,40,31
t0072,true,,3499150094679,3499150317895,3499173018794,3499173029480,3499177793443,0.2232,22.7009,4.7640,27.6988,40,31
t0073,true,,3499427930232,3499427953933,3499448223644,3499448233840,3499451155112,0.0237,20.2697,2.9213,23.2249,40,31
t0074,true,,3499701269385,3499701292675,3499731300580,3499731305380,3499734880609,0.0233,30.0079,3.5752,33.6112,40,31
t0075,true,,3499984981394,3499985015689,3500006857050,3500006862464,3500008803407,0.0343,21.8414,1.9409,23.8220,40,31
t0076,true,,3500258943380,3500258974255,3500272050639,3500272061497,3500277756112,0.0309,13.0764,5.6946,18.8127,40,31
t0077,true,,3500527962947,3500527994100,3500558636904,3500558646071,3500560654399,0.0312,30.6428,2.0083,32.6915,40,31
t0078,true,,3500810859578,3500810882863,3500827066066,3500827078776,3500829044375,0.0233,16.1832,1.9656,18.1848,40,31
t0079,true,,3501079148264,3501079169707,3501092345912,3501092356913,3501094410037,0.0214,13.1762,2.0531,15.2618,40,31
t0080,true,,3501344511515,3501344541120,3501363210917,3501363222144,3501365548668,0.0296,18.6698,2.3265,21.0372,40,31
t0081,true,,3501615680424,3501615708313,3501636272560,3501636285984,3501640152261,0.0279,20.5642,3.8663,24.4718,40,31
t0082,true,,3501890378154,3501890400926,3501907553625,3501907566462,3501909655466,0.0228,17.1527,2.0890,19.2773,40,31
t0083,true,,3502159864558,3502160102441,3502200087030,3502200109559,3502203961919,0.2379,39.9846,3.8524,44.0974,40,31
t0084,true,,3502454141090,3502454233674,3502469009213,3502469027823,3502472284580,0.0926,14.7755,3.2568,18.1435,40,31
t0085,true,,3502722444308,3502722476190,3502734387834,3502734399535,3502738611389,0.0319,11.9116,4.2119,16.1671,40,31
t0086,true,,3502988826316,3502988850118,3503012171909,3503012192000,3503017064576,0.0238,23.3218,4.8726,28.2383,40,31
t0087,true,,3503267176920,3503267209522,3503281825596,3503281836198,3503283894555,0.0326,14.6161,2.0584,16.7176,40,31
t0088,true,,3503534094566,3503534120292,3503546855203,3503546866785,3503549031428,0.0257,12.7349,2.1646,14.9369,40,31
t0089,true,,3503799250040,3503799281617,3503821214556,3503821225619,3503825657482,0.0316,21.9329,4.4319,26.4074,40,31
t0090,true,,3504075877256,3504075909456,3504096465929,3504096477150,3504098541158,0.0322,20.5565,2.0640,22.6639,40,31
t0091,true,,3504348695221,3504348729619,3504738661733,3504738682352,3504830536377,0.0344,389.9321,91.8540,481.8412,40,31
t0092,true,,3505080664339,3505080689813,3505194432904,3505194449234,3505247254378,0.0255,113.7431,52.8051,166.5900,40,31
t0093,true,,3505497457891,3505497486796,3506006711777,3506006727237,3506314599345,0.0289,509.2250,307.8721,817.1415,40,31
t0094,true,,3506564748901,3506564777441,3506782913108,3506782925284,3506790935491,0.0285,218.1357,8.0102,226.1866,40,31
t0095,true,,3507041013703,3507041037650,3507139189590,3507139210113,3507144126868,0.0239,98.1519,4.9168,103.1132,40,31
t0096,true,,3507394234033,3507394263333,3507578479365,3507578500893,3507655613717,0.0293,184.2160,77.1128,261.3797,40,31
t0097,true,,3507905759900,3507905794411,3508259134194,3508259149102,3508294949463,0.0345,353.3398,35.8004,389.1896,40,31
t0098,true,,3508545184064,3508545207592,3508612486004,3508612506255,3508639968487,0.0235,67.2784,27.4622,94.7844,40,31
t0099,true,,3508890078551,3508890108581,3509177829875,3509177845346,3509271350449,0.0300,287.7213,93.5051,381.2719,40,31
t0100,true,,3509521506976,3509521534216,3509735988880,3509736016189,3509788307237,0.0272,214.4547,52.2910,266.8003,40,31
t0101,true,,3510038437547,3510038466338,3510285146134,3510285170139,3510381240263,0.0288,246.6798,96.0701,342.8027,40,31
t0102,true,,3510631394682,3510631427550,3510777747251,3510777767164,3510821599459,0.0329,146.3197,43.8323,190.2048,40,31
t0103,true,,3511071730773,3511071771206,3511286806374,3511286826805,3511320038491,0.0404,215.0352,33.2117,248.3077,40,31
t0104,true,,3511570169079,3511570205075,3511718179431,3511718205887,3511745818615,0.0360,147.9744,27.6127,175.6495,40,31
t0105,true,,3511995981860,3511996020869,3512272478735,3512272496821,3512326996801,0.0390,276.4579,54.5000,331.0149,40,31
t0106,true,,3512577123130,3512577153024,3512751676928,3512751694167,3512814237423,0.0299,174.5239,62.5433,237.1143,40,31
t0107,true,,3513064403927,3513064430818,3513077353078,3513077372485,3513078993555,0.0269,12.9223,1.6211,14.5896,40,31
t0108,true,,3513329192670,3513329227851,3513343042044,3513343054224,3513345778530,0.0352,13.8142,2.7243,16.5859,40,31
t0109,true,,3513595920458,3513596120382,3513621990306,3513622018909,3513628368417,0.1999,25.8699,6.3495,32.4480,40,31
t0110,true,,3513878573359,3513878599178,3513905599383,3513905610716,3513909937559,0.0258,27.0002,4.3268,31.3642,40,31
t0111,true,,3514160060733,3514160085283,3514207472474,3514207495391,3514213275601,0.0245,47.3872,5.7802,53.2149,40,31
t0112,true,,3514463516679,3514463546130,3514480074433,3514480085745,3514481991419,0.0295,16.5283,1.9057,18.4747,40,31
t0113,true,,3514732134027,3514732161886,3514768357075,3514768372278,3514771075494,0.0279,36.1952,2.7032,38.9415,40,31
t0114,true,,3515021271618,3515021300401,3515044257012,3515044271135,3515051620824,0.0288,22.9566,7.3497,30.3492,40,31
t0115,true,,3515301833286,3515301864382,3515316046110,3515316061823,3515320227984,0.0311,14.1817,4.1662,18.3947,40,31
t0116,true,,3515570460216,3515570487127,3515583640061,3515583652504,3515587277213,0.0269,13.1529,3.6247,16.8170,40,31
t0117,true,,3515837481375,3515837509305,3515857526626,3515857548668,3515860822043,0.0279,20.0173,3.2734,23.3407,40,31
t0118,true,,3516111070926,3516111094872,3516143916869,3516143940597,3516146802833,0.0239,32.8220,2.8622,35.7319,40,31
t0119,true,,3516396947045,3516396974886,3516433662910,3516433678879,3516438730477,0.0278,36.6880,5.0516,41.7834,40,31
t0120,true,,3516688882951,3516688914070,3516729963008,3516729974931,3516733055806,0.0311,41.0489,3.0809,44.1729,40,31
t0121,true,,3516983259328,3516983287885,3517136959004,3517136979050,3517291658118,0.0286,153.6711,154.6791,308.3988,40,31
t0122,true,,3517541811663,3517541836199,3517580255532,3517580272965,3517606732799,0.0245,38.4193,26.4598,64.9211,40,31
t0123,true,,3517856860651,3517856886702,3517926876427,3517926896925,3517957431013,0.0261,69.9897,30.5341,100.5704,40,31
t0124,true,,3518207586556,3518207614476,3518248197067,3518248213050,3518321149571,0.0279,40.5826,72.9365,113.5630,40,31
t0125,true,,3518571320317,3518571556586,3518670807635,3518670823760,3518718700186,0.2363,99.2510,47.8764,147.3799,40,31
t0126,true,,3518968849288,3518968888437,3519082955722,3519082973229,3519089167158,0.0391,114.0673,6.1939,120.3179,40,31
t0127,true,,3519339263939,3519339283948,3519379674205,3519379684457,3519395760604,0.0200,40.3903,16.0761,56.4967,40,31
t0128,true,,3519645866915,3519645888334,3519691437987,3519691458670,3519713417321,0.0214,45.5497,21.9587,67.5504,40,31
t0129,true,,3519963540909,3519963570171,3520112260637,3520112278065,3520125262265,0.0293,148.6905,12.9842,161.7214,40,31
t0130,true,,3520375466777,3520375492495,3520538942668,3520538954978,3520554881430,0.0257,163.4502,15.9265,179.4147,40,31
t0131,true,,3520805026839,3520805055797,3520886665383,3520886686408,3520903316600,0.0290,81.6096,16.6302,98.2898,40,31
t0132,true,,3521153421040,3521153446624,3521272759089,3521272779167,3521325698961,0.0256,119.3125,52.9198,172.2779,40,31
t0133,true,,3521575947615,3521575975789,3521873196002,3521873211067,3522080046729,0.0282,297.2202,206.8357,504.0991,40,31
t0134,true,,3522330162387,3522330195133,3522530262685,3522530280228,3522570142483,0.0327,200.0676,39.8623,239.9801,40,31
t0135,true,,3522820253464,3522820279999,3523520242590,3523520264159,3523779639641,0.0265,699.9626,259.3755,959.3862,40,31
t0136,true,,3524029874426,3524029903640,3524353371900,3524353394149,3524415388941,0.0292,323.4683,61.9948,385.5145,40,31
t0137,true,,3524665562801,3524665600870,3525013288501,3525013311108,3525121867787,0.0381,347.6876,108.5567,456.3050,40,31
t0138,true,,3525372127630,3525372155922,3525717117823,3525717141131,3525756573281,0.0283,344.9619,39.4322,384.4457,40,31
t0139,true,,3526006706861,3526006741543,3526190920149,3526190952853,3526229232974,0.0347,184.1786,38.2801,222.5261,40,31
t0140,true,,3526479462288,3526479490490,3526700557190,3526700590290,3526760331219,0.0282,221.0667,59.7409,280.8689,40,31
t0141,true,,3527010463673,3527010497731,3527211441698,3527211484141,3527259404209,0.0341,200.9440,47.9201,248.9405,40,31
t0142,true,,3527509562705,3527509589130,3527662240027,3527662261470,3527690818237,0.0264,152.6509,28.5568,181.2555,40,31
t0143,true,,3527940977449,3527941018323,3528171898590,3528171914353,3528237349565,0.0409,230.8803,65.4352,296.3721,40,31
t0144,true,,3528487504538,3528487535631,3528651811121,3528651826672,3528686416807,0.0311,164.2755,34.5901,198.9123,40,31
t0145,true,,3528936567151,3528936590230,3529169719729,3529169742381,3529228310994,0.0231,233.1295,58.5686,291.7438,40,31
t0146,true,,3529478464834,3529478487261,3529766918688,3529766933372,3529813884178,0.0224,288.4314,46.9508,335.4193,40,31
t0147,true,,3530063990844,3530064020747,3530131055622,3530131070824,3530139773806,0.0299,67.0349,8.7030,75.7830,40,31
t0148,true,,3530389971406,3530389999785,3530580284006,3530580306043,3530775081269,0.0284,190.2842,194.7752,385.1099,40,31
t0149,true,,3531025338695,3531025370593,3531354791460,3531354818794,3531447406335,0.0319,329.4209,92.5875,422.0676,40,31
t0150,true,,3531697559958,3531697593766,3532086829505,3532086845968,3532220398543,0.0338,389.2357,133.5526,522.8386,40,31
t0151,true,,3532470524222,3532470556317,3532557954348,3532557968250,3532564258486,0.0321,87.3980,6.2902,93.7343,40,31
t0152,true,,3532814414095,3532814441097,3533159844983,3533159862782,3533204022628,0.0270,345.4039,44.1598,389.6085,40,31
t0153,true,,3533454135903,3533454164555,3533857612595,3533857634928,3533917597522,0.0287,403.4480,59.9626,463.4616,40,31
t0154,true,,3534167746010,3534167771376,3534407968134,3534407984906,3534428161071,0.0254,240.1968,20.1762,260.4151,40,31
t0155,true,,3534678274030,3534678303278,3534995124700,3534995142705,3535274229139,0.0292,316.8214,279.0864,595.9551,40,31
t0156,true,,3535524369640,3535524399246,3535869672738,3535869691898,3535950865715,0.0296,345.2735,81.1738,426.4961,40,31
t0157,true,,3536201033374,3536201073840,3536246308240,3536246345692,3536257349998,0.0405,45.2344,11.0043,56.3166,40,31
t0158,true,,3536507483454,3536507519317,3536640733608,3536640755848,3536686851476,0.0359,133.2143,46.0956,179.3680,40,31
t0159,true,,3536937083669,3536937107594,3537377082657,3537377101588,3537461735692,0.0239,439.9751,84.6341,524.6520,40,31
t0160,true,,3537711943071,3537711966893,3537806905659,3537806927640,3537842828530,0.0238,94.9388,35.9009,130.8855,40,31
t0161,true,,3538092992609,3538093033099,3538170521489,3538170537789,3538197504146,0.0405,77.4884,26.9664,104.5115,40,31
t0162,true,,3538447743992,3538447774939,3538659810716,3538659827915,3538726594692,0.0309,212.0358,66.7668,278.8507,40,31
t0163,true,,3538976741623,3538976767837,3539182734774,3539182751870,3539293832569,0.0262,205.9669,111.0807,317.0909,40,31
t0164,true,,3539544065589,3539544094221,3539794599316,3539794614713,3539861139454,0.0286,250.5051,66.5247,317.0739,40,31
t0165,true,,3540111246522,3540111269658,3540186057675,3540186076710,3540198428700,0.0231,74.7880,12.3520,87.1822,40,31
t0166,true,,3540448584826,3540448608859,3540609888729,3540609902671,3540662164198,0.0240,161.2799,52.2615,213.5794,40,31
t0167,true,,3540912277601,3540912301040,3541033679637,3541033695756,3541077152687,0.0234,121.3786,43.4569,164.8751,40,31
t0168,true,,3541327268906,3541327295119,3541338305652,3541338313254,3541341944382,0.0262,11.0105,3.6311,14.6755,40,31
t0169,true,,3541592178276,3541592203638,3541618792910,3541618808896,3541626938162,0.0254,26.5893,8.1293,34.7599,40,31
t0170,true,,3541877060426,3541877089807,3541894237608,3541894248755,3541897851024,0.0294,17.1478,3.6023,20.7906,40,31
t0171,true,,3542147963182,3542148253994,3542160888552,3542160899584,3542162920029,0.2908,12.6346,2.0204,14.9568,40,31
t0172,true,,3542413023736,3542413065135,3542429705313,3542429716794,3542431675745,0.0414,16.6402,1.9590,18.6520,40,31
t0173,true,,3542681808662,3542681837135,3542712224670,3542712236353,3542716105606,0.0285,30.3875,3.8693,34.2969,40,31
t0174,true,,3542966199562,3542966221707,3543001148305,3543001153294,3543005012521,0.0221,34.9266,3.8592,38.8130,40,31
t0175,true,,3543255147027,3543255170790,3543274046472,3543274058573,3543351743367,0.0238,18.8757,77.6848,96.5963,40,31
t0176,true,,3543601950527,3543601974101,3543672981903,3543672999877,3543676150248,0.0236,71.0078,3.1504,74.1997,40,31
t0177,true,,3543926355161,3543926377611,3544974481183,3544974500999,3545477857829,0.0225,1048.1036,503.3568,1551.5027,40,31
t0178,true,,3545728080957,3545728103345,3546703846803,3546703866813,3546906601805,0.0224,975.7435,202.7350,1178.5208,40,31
t0179,true,,3547156747666,3547156784270,3547596649660,3547596667520,3548176696459,0.0366,439.8654,580.0289,1019.9488,40,31
t0180,true,,3548426839713,3548426877543,3549099966831,3549099984334,3549205679055,0.0378,673.0893,105.6947,778.8393,40,31
t0181,true,,3549455796055,3549455820069,3549686586088,3549686602277,3549719900004,0.0240,230.7660,33.2977,264.1039,40,31
t0182,true,,3549970013094,3549970042352,3550077722795,3550077742623,3550293852438,0.0293,107.6804,216.1098,323.8393,40,31
t0183,true,,3550544018561,3550544052206,3550884396687,3550884418747,3550945384853,0.0336,340.3445,60.9661,401.3663,40,31
t0184,true,,3551195505145,3551195533884,3551316788386,3551316807039,3551993820780,0.0287,121.2545,677.0137,798.3156,40,31
t0185,true,,3552244062786,3552244087593,3552832943928,3552832962778,3552982880463,0.0248,588.8563,149.9177,738.8177,40,31
t0186,true,,3553233043529,3553233068078,3553323912972,3553323924876,3553326685094,0.0245,90.8449,2.7602,93.6416,40,31
t0187,true,,3553576811927,3553576845091,3553616056516,3553616071912,3553618969934,0.0332,39.2114,2.8980,42.1580,40,31
t0188,true,,3553869085476,3553869121656,3555016867244,3555016885686,3555129472131,0.0362,1147.7456,112.5864,1260.3867,40,31
t0189,true,,3555379578806,3555379602338,3555620077779,3555620092800,3555623933432,0.0235,240.4754,3.8406,244.3546,40,31
t0190,true,,3555874063440,3555874098788,3555916664010,3555916690494,3555933106105,0.0353,42.5652,16.4156,59.0427,40,31
t0191,true,,3556183217831,3556183244817,3556637717717,3556637734964,3556810123747,0.0270,454.4729,172.3888,626.9059,40,31
t0192,true,,3557060231496,3557060466101,3557814896255,3557814911758,3557947442962,0.2346,754.4302,132.5312,887.2115,40,31
t0193,true,,3558197591105,3558197624665,3558634417849,3558634431398,3558754765050,0.0336,436.7932,120.3337,557.1739,40,31
t0194,true,,3559004904816,3559004934708,3559125132725,3559125147240,3559158781181,0.0299,120.1980,33.6339,153.8764,40,31
t0195,true,,3559408888380,3559408922783,3560317317347,3560317337604,3560794696296,0.0344,908.3946,477.3587,1385.8079,40,31
t0196,true,,3561044913658,3561044939368,3561819063965,3561819084915,3562129138587,0.0257,774.1246,310.0537,1084.2249,40,31
t0197,true,,3562379254600,3562379284047,3562542732790,3562542744954,3562570827237,0.0294,163.4487,28.0823,191.5726,40,31
t0198,true,,3562821032662,3562821062069,3562945265698,3562945280157,3562976796123,0.0294,124.2036,31.5160,155.7635,40,31
t0199,true,,3563226947529,3563226980492,3563436911414,3563436931108,3563542222232,0.0330,209.9309,105.2911,315.2747,40,31
t0200,true,,3563792331113,3563792355626,3564791214761,3564791230783,3564904921813,0.0245,998.8591,113.6910,1112.5907,40,31
t0201,true,,3565155116872,3565155139054,3565305230889,3565305242700,3565484290014,0.0222,150.0918,179.0473,329.1731,40,31
t0202,true,,3565734408130,3565734453845,3566237710253,3566237722739,3566323577536,0.0457,503.2564,85.8548,589.1694,40,31
t0203,true,,3566573936357,3566573963336,3567605079244,3567605095877,3567760609390,0.0270,1031.1159,155.5135,1186.6730,40,31
t0204,true,,3568010717277,3568010748292,3569185319503,3569185344030,3569247696864,0.0310,1174.5712,62.3528,1236.9796,40,31
t0205,true,,3569497858850,3569497892909,3571004282889,3571004301395,3571649080617,0.0341,1506.3900,644.7792,2151.2218,40,31
t0206,true,,3571899205137,3571899234577,3574863456188,3574863460857,3577586172927,0.0294,2964.2216,2722.7121,5686.9678,40,31
t0207,true,,3577836291568,3577836323530,3582559176712,3582559199672,3582569493696,0.0320,4722.8532,10.2940,4733.2021,40,31
t0208,true,,3582819656694,3582819695565,3582858827387,3582858841617,3582864761482,0.0389,39.1318,5.9199,45.1048,40,31
t0209,true,,3583114911822,3583114959215,3584200514348,3584200532749,3584240367611,0.0474,1085.5551,39.8349,1125.4558,40,31
t0210,true,,3584490590244,3584490614554,3584581478797,3584581502096,3584607600768,0.0243,90.8642,26.0987,117.0105,40,31
t0211,true,,3584857812423,3584857837479,3586030250422,3586030267503,3586049711562,0.0251,1172.4129,19.4441,1191.8991,40,31
t0212,true,,3586299932420,3586299962170,3586358301405,3586358325081,3586630997598,0.0297,58.3392,272.6725,331.0652,40,31
t0213,true,,3586881252681,3586881275298,3587096403460,3587096415200,3587101122056,0.0226,215.1282,4.7069,219.8694,40,31
t0214,true,,3587351229303,3587351259959,3587487248774,3587487267197,3587503194769,0.0307,135.9888,15.9276,151.9655,40,31
t0215,true,,3587753340496,3587753372740,3587809816816,3587809837206,3587818942138,0.0322,56.4441,9.1049,65.6016,40,31
t0216,true,,3588069123662,3588069148231,3588111764496,3588111777827,3588118583826,0.0246,42.6163,6.8060,49.4602,40,31
t0217,true,,3588368681570,3588368706858,3588443360820,3588443375794,3588474801605,0.0253,74.6540,31.4258,106.1200,40,31
t0218,true,,3588724954051,3588724986426,3588778112539,3588778130715,3588837256104,0.0324,53.1261,59.1254,112.3021,40,31
t0219,true,,3589087384420,3589087440831,3589272096843,3589272112915,3589283435754,0.0564,184.6560,11.3228,196.0513,40,31
t0220,true,,3589533679824,3589533703032,3589666908092,3589666923625,3589673646983,0.0232,133.2051,6.7234,139.9672,40,31
t0221,true,,3589923823691,3589923854752,3589939685314,3589939694638,3589943646544,0.0311,15.8306,3.9519,19.8229,40,31
t0222,true,,3590193785999,3590193808582,3590212138684,3590212159434,3590214608572,0.0226,18.3301,2.4491,20.8226,40,31
t0223,true,,3590464725248,3590464764372,3590480752422,3590480763721,3590484520540,0.0391,15.9880,3.7568,19.7953,40,31
t0224,true,,3590734742779,3590734766510,3590763240557,3590763251732,3590767195575,0.0237,28.4740,3.9438,32.4528,40,31
t0225,true,,3591017320709,3591017347282,3591077858861,3591077882124,3591093894317,0.0266,60.5116,16.0122,76.5736,40,31
t0226,true,,3591344105851,3591344254323,3591470242391,3591470252877,3591476648354,0.1485,125.9881,6.3955,132.5425,40,31
t0227,true,,3591726883663,3591726912772,3591782926437,3591782948578,3591785934168,0.0291,56.0137,2.9856,59.0505,40,31
t0228,true,,3592036123407,3592036156009,3592075301772,3592075336743,3592077761376,0.0326,39.1458,2.4246,41.6380,40,31
t0229,true,,3592327968741,3592328007048,3592367989014,3592368007917,3592370236427,0.0383,39.9820,2.2285,42.2677,40,31
t0230,true,,3592620342151,3592620371499,3592633619443,3592633625460,3592635646825,0.0293,13.2479,2.0214,15.3047,40,31
t0231,true,,3592885786179,3592885816785,3592902844292,3592902862336,3592910435975,0.0306,17.0275,7.5736,24.6498,40,31
t0232,true,,3593160595876,3593160633778,3593209308119,3593209320326,3593248197820,0.0379,48.6743,38.8775,87.6019,40,31
t0233,true,,3593498300005,3593498325383,3593508839410,3593508850361,3593512106019,0.0254,10.5140,3.2557,13.8060,40,31
t0234,true,,3593762311385,3593762338015,3593775625995,3593775644851,3593777217391,0.0266,13.2880,1.5725,14.9060,40,31
t0235,true,,3594027340682,3594027376384,3594048300244,3594048305439,3594050344410,0.0357,20.9239,2.0390,23.0037,40,31
t0236,true,,3594300469192,3594300503966,3594322448935,3594322475065,3594329803774,0.0348,21.9450,7.3287,29.3346,40,31
t0237,true,,3594580009862,3594580040875,3594588702850,3594588715117,3594590499104,0.0310,8.6620,1.7840,10.4892,40,31
t0238,true,,3594840650720,3594840678197,3594861720407,3594861732660,3594864361908,0.0275,21.0422,2.6292,23.7112,40,31
t0239,true,,3595114499219,3595114519214,3595129067276,3595129086989,3595131354157,0.0200,14.5481,2.2672,16.8549,40,31
t0240,true,,3595381478225,3595381514331,3598408645337,3598408656000,3598411458955,0.0361,3027.1310,2.8030,3029.9807,40,31
t0241,true,,3598661575346,3598661605754,3598731865644,3598731891072,3598734608376,0.0304,70.2599,2.7173,73.0330,40,31
t0242,true,,3598984746711,3598984775131,3599025636893,3599025647595,3599057275306,0.0284,40.8618,31.6277,72.5286,40,31
t0243,true,,3599307490639,3599307524876,3599354843987,3599354865576,3599379193024,0.0342,47.3191,24.3274,71.7024,40,31
t0244,true,,3599629317601,3599629366823,3599669404416,3599669427479,3599673788229,0.0492,40.0376,4.3608,44.4706,40,31
t0245,true,,3599924049498,3599924078312,3599943327409,3599943338987,3599946317167,0.0288,19.2491,2.9782,22.2677,40,31
t0246,true,,3600196448093,3600196486887,3600223210316,3600223221036,3600229149562,0.0388,26.7234,5.9285,32.7015,40,31
t0247,true,,3600479349584,3600479375756,3600533141704,3600533152628,3600554872614,0.0262,53.7659,21.7200,75.5230,40,31
t0248,true,,3600805094466,3600805135281,3600877822486,3600877843731,3600881316762,0.0408,72.6872,3.4730,76.2223,40,31
t0249,true,,3601131437492,3601131467174,3601300757193,3601300773851,3601374885742,0.0297,169.2900,74.1119,243.4483,40,31
t0250,true,,3601624999685,3601625033318,3601710840308,3601710858349,3601753229116,0.0336,85.8070,42.3708,128.2294,40,31
t0251,true,,3602003359219,3602003390061,3602054650870,3602054676737,3602065957222,0.0308,51.2608,11.2805,62.5980,40,31
t0252,true,,3602316117016,3602316151352,3602394066990,3602394090322,3602404315876,0.0343,77.9156,10.2256,88.1989,40,31
t0253,true,,3602654453075,3602654482637,3602675151902,3602675162259,3602678156655,0.0296,20.6693,2.9944,23.7036,40,31
t0254,true,,3602928373777,3602928399202,3602990416054,3602990433978,3602994751065,0.0254,62.0169,4.3171,66.3773,40,31
t0255,true,,3603244873519,3603245133888,3603286778432,3603286800904,3603294350799,0.2604,41.6445,7.5499,49.4773,40,31
t0256,true,,3603544478637,3603544508829,3603577685475,3603577699830,3603592686828,0.0302,33.1766,14.9870,48.2082,40,31
t0257,true,,3603842835069,3603842861938,3603877556484,3603877567542,3603880484415,0.0269,34.6945,2.9169,37.6493,40,31
t0258,true,,3604130701158,3604130737260,3604165985990,3604165997022,3604192615367,0.0361,35.2487,26.6183,61.9142,40,31
t0259,true,,3604442772791,3604442802635,3604474537535,3604474548424,3604479954298,0.0298,31.7349,5.4059,37.1815,40,31
t0260,true,,3604730174362,3604730204252,3604770555933,3604770566918,3604772614918,0.0299,40.3517,2.0480,42.4406,40,31
t0261,true,,3605022744966,3605022779253,3605086332979,3605086358354,3605089073009,0.0343,63.5537,2.7147,66.3280,40,31
t0262,true,,3605339186382,3605339393140,3605412565178,3605412576831,3605415118602,0.2068,73.1720,2.5418,75.9322,40,31
t0263,true,,3605665216956,3605665244881,3605703367731,3605703380432,3605709418364,0.0279,38.1228,6.0379,44.2014,40,31
t0264,true,,3605959559800,3605959586541,3605989131270,3605989156360,3605991586372,0.0267,29.5447,2.4300,32.0266,40,31
t0265,true,,3606241723514,3606241882473,3606261164178,3606261182807,3606263984382,0.1590,19.2817,2.8016,22.2609,40,31
t0266,true,,3606514229985,3606514260449,3606533417740,3606533428572,3606535116531,0.0305,19.1573,1.6880,20.8865,40,31
t0267,true,,3606785274082,3606785310082,3606804146560,3606804157565,3606812175524,0.0360,18.8365,8.0180,26.9014,40,31
t0268,true,,3607062406376,3607062617440,3607077141532,3607077147193,3607079265814,0.2111,14.5241,2.1186,16.8594,40,31
t0269,true,,3607329369031,3607329397729,3607395807103,3607395819674,3607401576100,0.0287,66.4094,5.7564,72.2071,40,31
t0270,true,,3607651713566,3607651738675,3607693417117,3607693425908,3607698260513,0.0251,41.6784,4.8346,46.5469,40,31
t0271,true,,3607948398630,3607948437294,3608035212619,3608035235617,3608038329817,0.0387,86.7753,3.0942,89.9312,40,31
t0272,true,,3608288459775,3608288489785,3608311561533,3608311578179,3608313888177,0.0300,23.0717,2.3100,25.4284,40,31
t0273,true,,3608564024653,3608564051967,3608600778871,3608600800852,3608622950469,0.0273,36.7269,22.1496,58.9258,40,31
t0274,true,,3608873075139,3608873270935,3608897267305,3608897288139,3608918607860,0.1958,23.9964,21.3197,45.5327,40,31
t0275,true,,3609168749744,3609168774820,3609294712954,3609294725674,3609302969753,0.0251,125.9381,8.2441,134.2200,40,31
t0276,true,,3609553133579,3609553156269,3609632090032,3609632110875,3609634353750,0.0227,78.9338,2.2429,81.2202,40,31
t0277,true,,3609884494529,3609884529291,3609947477082,3609947488329,3609952347674,0.0348,62.9478,4.8593,67.8531,40,31
t0278,true,,3610202478470,3610202505733,3610310782621,3610310792160,3610315925008,0.0273,108.2769,5.1328,113.4465,40,31
t0279,true,,3610566114571,3610566143238,3610625513859,3610625526177,3610628717233,0.0287,59.3706,3.1911,62.6027,40,31
t0280,true,,3610878836878,3610878863789,3610968973754,3610969005567,3610972166636,0.0269,90.1100,3.1611,93.3298,40,31
t0281,true,,3611222273168,3611222301163,3612639521950,3612639525977,3612642477260,0.0280,1417.2208,2.9513,1420.2041,40,31
t0282,true,,3612892604721,3612892638742,3612904927844,3612904939110,3612907975146,0.0340,12.2891,3.0360,15.3704,40,31
t0283,true,,3613158120542,3613158145031,3613167390121,3613167400803,3613169487097,0.0245,9.2451,2.0863,11.3666,40,31
t0284,true,,3613419698151,3613419726753,3613435401352,3613435412646,3613453763588,0.0286,15.6746,18.3509,34.0654,40,31
t0285,true,,3613704075550,3613704104501,3613721490128,3613721522899,3613728235876,0.0290,17.3856,6.7130,24.1603,40,31
t0286,true,,3613978383248,3613978412861,3613987868930,3613987891931,3613989922717,0.0296,9.4561,2.0308,11.5395,40,31
t0287,true,,3614240048750,3614240084759,3614261846484,3614261862003,3614264349199,0.0360,21.7617,2.4872,24.3004,40,31
t0288,true,,3614514562683,3614514590038,3614526217042,3614526227401,3614528544218,0.0274,11.6270,2.3168,13.9815,40,31
t0289,true,,3614778641318,3614778671555,3614795154590,3614795172014,3614797226168,0.0302,16.4830,2.0542,18.5848,40,31
t0290,true,,3615047364212,3615047574860,3615059665097,3615059676405,3615065709848,0.2106,12.0902,6.0334,18.3456,40,31
t0291,true,,3615315822726,3615315855273,3615374940028,3615374952583,3615384393477,0.0325,59.0848,9.4409,68.5708,40,31
t0292,true,,3615634541460,3615634566573,3615675369456,3615675385459,3615705575772,0.0251,40.8029,30.1903,71.0343,40,31
t0293,true,,3615955724690,3615955747527,3615968330958,3615968341582,3615971079884,0.0228,12.5834,2.7383,15.3552,40,31
t0294,true,,3616221182324,3616221212968,3616232080067,3616232090992,3616234098556,0.0306,10.8671,2.0076,12.9162,40,31
t0295,true,,3616484198607,3616484222985,3616500486535,3616500498137,3616502438915,0.0244,16.2635,1.9408,18.2403,40,31
t0296,true,,3616752580098,3616752603947,3616771464180,3616771474668,3616773880493,0.0238,18.8602,2.4058,21.3004,40,31
t0297,true,,3617023978586,3617024013798,3617035100506,3617035113557,3617037313364,0.0352,11.0867,2.1998,13.3348,40,31
t0298,true,,3617287454613,3617287491996,3617298171404,3617298190011,3617300408128,0.0374,10.6794,2.2181,12.9535,40,31
t0299,true,,3617550527341,3617550563209,3617562462268,3617562469663,3617564345198,0.0359,11.8991,1.8755,13.8179,40,31
t0300,true,,3617814455192,3617814481423,3617828317408,3617828322849,3617830480828,0.0262,13.8360,2.1580,16.0256,40,31
t0301,true,,3618080629266,3618080656989,3618091398676,3618091409398,3618093814861,0.0277,10.7417,2.4055,13.1856,40,31
t0302,true,,3618343942875,3618343973064,3618355230942,3618355246516,3618358129547,0.0302,11.2579,2.8830,14.1867,40,31
t0303,true,,3618608250678,3618608284441,3618620311189,3618620321338,3618622723305,0.0338,12.0267,2.4020,14.4726,40,31
t0304,true,,3618872848917,3618873027831,3618883748698,3618883758846,3618887162402,0.1789,10.7209,3.4036,14.3135,40,31
t0305,true,,3619137258375,3619137281778,3619154904586,3619154910895,3619157191486,0.0234,17.6228,2.2806,19.9331,40,31
t0306,true,,3619407284735,3619407311150,3619418243567,3619418257360,3619422220638,0.0264,10.9324,3.9633,14.9359,40,31
t0307,true,,3619672431619,3619672459371,3619684338780,3619684353784,3619686482433,0.0278,11.8794,2.1286,14.0508,40,31
t0308,true,,3619936627137,3619936654686,3619950313422,3619950334819,3619953221837,0.0275,13.6587,2.8870,16.5947,40,31
t0309,true,,3620203440567,3620203470776,3620215252590,3620215262105,3620218642734,0.0302,11.7818,3.3806,15.2022,40,31
t0310,true,,3620468862363,3620468894280,3620479758572,3620479771201,3620482976585,0.0319,10.8643,3.2054,14.1142,40,31
t0311,true,,3620733137074,3620733160169,3620744290831,3620744301971,3620746123874,0.0231,11.1307,1.8219,12.9868,40,31
t0312,true,,3620996321744,3620996503111,3621006298580,3621006313737,3621009400107,0.1814,9.7955,3.0864,13.0784,40,31
t0313,true,,3621259525698,3621259551606,3621274514806,3621274531441,3621276133369,0.0259,14.9632,1.6019,16.6077,40,31
t0314,true,,3621526265318,3621526301850,3621540335181,3621540346880,3621542773377,0.0365,14.0333,2.4265,16.5081,40,31
t0315,true,,3621792915786,3621792945408,3621815442394,3621815454589,3621817919209,0.0296,22.4970,2.4646,25.0034,40,31
t0316,true,,3622068051210,3622068079981,3622083188256,3622083199478,3622086954300,0.0288,15.1083,3.7548,18.9031,40,31
t0317,true,,3622337138525,3622337356925,3622354007773,3622354018292,3622356282445,0.2184,16.6508,2.2642,19.1439,40,31
t0318,true,,3622606417765,3622606482445,3622623017094,3622623030127,3622627891987,0.0647,16.5346,4.8619,21.4742,40,31
t0319,true,,3622878037241,3622878063573,3622902242825,3622902264377,3622906431526,0.0263,24.1793,4.1671,28.3943,40,31
t0320,true,,3623156576000,3623156596703,3623174730014,3623174740596,3623177729005,0.0207,18.1333,2.9884,21.1530,40,31
t0321,true,,3623427867099,3623427900191,3623481715342,3623481734134,3623484046412,0.0331,53.8152,2.3123,56.1793,40,31
t0322,true,,3623734280652,3623734316129,3623750191034,3623750212557,3623752928536,0.0355,15.8749,2.7160,18.6479,40,31
t0323,true,,3624003293685,3624003319918,3624016150251,3624016165227,3624018593811,0.0262,12.8303,2.4286,15.3001,40,31
t0324,true,,3624268770613,3624268793627,3624283492775,3624283509414,3624286227178,0.0230,14.6991,2.7178,17.4566,40,31
t0325,true,,3624536362792,3624536401372,3624544785440,3624544796343,3624547416486,0.0386,8.3841,2.6201,11.0537,40,31
t0326,true,,3624797621128,3624797646718,3624813471158,3624813482211,3624816130145,0.0256,15.8244,2.6479,18.5090,40,31
t0327,true,,3625066277893,3625066302199,3625077848882,3625077853659,3625079873916,0.0243,11.5467,2.0203,13.5960,40,31
t0328,true,,3625330022769,3625330048177,3625344538145,3625344549134,3625346509159,0.0254,14.4900,1.9600,16.4864,40,31
t0329,true,,3625596648175,3625596679907,3625614554415,3625614567001,3625618278375,0.0317,17.8745,3.7114,21.6302,40,31
t0330,true,,3625868409987,3625868432716,3625883554897,3625883573830,3625900092111,0.0227,15.1222,16.5183,31.6821,40,31
t0331,true,,3626150210151,3626150236869,3626203614312,3626203630355,3626217212153,0.0267,53.3774,13.5818,67.0020,40,31
t0332,false,ssl_read -0x6800: SSL - The operation timed out,3626467373579,3626467405556,3628887435453,3628887459130,3633892194455,0.0320,2420.0299,5004.7353,7424.8209,40,0
t0333,true,,3634142438513,3634142464890,3634181661372,3634181673485,3634189112029,0.0264,39.1965,7.4385,46.6735,40,31
t0334,true,,3634439428799,3634439451847,3634458850609,3634458856985,3634500174796,0.0230,19.3988,41.3178,60.7460,40,31
t0335,true,,3634750295655,3634750319369,3634761971134,3634761990213,3634764708966,0.0237,11.6518,2.7188,14.4133,40,31
t0336,true,,3635014828947,3635014862556,3635027463807,3635027468750,3635029683677,0.0336,12.6013,2.2149,14.8547,40,31
t0337,true,,3635279786743,3635279819121,3635292097779,3635292117226,3635294149232,0.0324,12.2787,2.0320,14.3625,40,31
t0338,true,,3635544253485,3635544287521,3635559257458,3635559267990,3635564175433,0.0340,14.9699,4.9074,19.9219,40,31
t0339,true,,3635814276867,3635814298792,3635826076402,3635826095861,3635828903390,0.0219,11.7776,2.8075,14.6265,40,31
t0340,true,,3636079011002,3636079042880,3636090926484,3636090937310,3636093218130,0.0319,11.8836,2.2808,14.2071,40,31
t0341,true,,3636343319666,3636343356011,3636352951221,3636352962740,3636354848328,0.0363,9.5952,1.8856,11.5287,40,31
t0342,true,,3636605081553,3636605104658,3636628086382,3636628105805,3636630239415,0.0231,22.9817,2.1336,25.1579,40,31
t0343,true,,3636880371184,3636880413284,3636893245128,3636893255849,3636896393826,0.0421,12.8318,3.1380,16.0226,40,31
t0344,true,,3637146518308,3637146550807,3637159958156,3637159972601,3637162342509,0.0325,13.4073,2.3699,15.8242,40,31
t0345,true,,3637412451273,3637412484309,3637424589606,3637424606862,3637427091206,0.0330,12.1053,2.4843,14.6399,40,31
t0346,true,,3637677195869,3637677321409,3637688320111,3637688337477,3637690702658,0.1255,10.9987,2.3652,13.5068,40,31
t0347,true,,3637940817091,3637940853215,3637952685807,3637952706940,3637954820299,0.0361,11.8326,2.1134,14.0032,40,31
t0348,true,,3638205028688,3638205058084,3638217063216,3638217073276,3638219041867,0.0294,12.0051,1.9686,14.0132,40,31
t0349,true,,3638469138454,3638469167145,3638481017802,3638481022645,3638487698798,0.0287,11.8507,6.6762,18.5603,40,31
t0350,true,,3638737793492,3638737818618,3638785803376,3638785817492,3638787829131,0.0251,47.9848,2.0116,50.0356,40,31
t0351,true,,3639038053492,3639038228915,3639050634301,3639050653495,3639053452163,0.1754,12.4054,2.7987,15.3987,40,31
t0352,true,,3639303573535,3639303607234,3639314617727,3639314636614,3639316972575,0.0337,11.0105,2.3360,13.3990,40,31
t0353,true,,3639567088148,3639567127853,3639583857570,3639583869865,3639588496297,0.0397,16.7297,4.6264,21.4081,40,31
t0354,true,,3639838624668,3639838652796,3639934584667,3639934603420,3639939297082,0.0281,95.9319,4.6937,100.6724,40,31
t0355,true,,3640189394040,3640189419894,3641363233386,3641363245912,3641365624530,0.0259,1173.8135,2.3786,1176.2305,40,31
t0356,true,,3641615838556,3641616035565,3641628520534,3641628539124,3641630563025,0.1970,12.4850,2.0239,14.7245,40,31
t0357,true,,3641880685553,3641880719746,3642901740322,3642901757783,3642921701131,0.0342,1021.0206,19.9433,1041.0156,40,31
t0358,true,,3643171848486,3643171871161,3643187102225,3643187115331,3643189272847,0.0227,15.2311,2.1575,17.4244,40,31
t0359,true,,3643439375339,3643439426934,3643466535541,3643466560177,3643470351775,0.0516,27.1086,3.7916,30.9764,40,31
t0360,true,,3643720572315,3643720597798,3643771504324,3643771517082,3643774322223,0.0255,50.9065,2.8051,53.7499,40,31
t0361,true,,3644024531482,3644024557500,3644037657329,3644037665182,3644040485558,0.0260,13.0998,2.8204,15.9541,40,31
t0362,true,,3644290697506,3644290721072,3644316098488,3644316125684,3644318244649,0.0236,25.3774,2.1190,27.5471,40,31
t0363,true,,3644568491390,3644568521829,3644581607029,3644581622928,3644584322433,0.0304,13.0852,2.6995,15.8310,40,31
t0364,true,,3644834490720,3644834533210,3644845731002,3644845742239,3644848035198,0.0425,11.1978,2.2930,13.5445,40,31
t0365,true,,3645098149855,3645098184034,3645116339986,3645116351553,3645118753940,0.0342,18.1560,2.4024,20.6041,40,31
t0366,true,,3645368963372,3645368990973,3645382258204,3645382270217,3645385577685,0.0276,13.2672,3.3075,16.6143,40,31
t0367,true,,3645635723157,3645635749122,3645648637174,3645648648136,3645651223728,0.0260,12.8881,2.5756,15.5006,40,31
t0368,true,,3645901366915,3645901393769,3645913479940,3645913496571,3645915459912,0.0269,12.0862,1.9633,14.0930,40,31
t0369,true,,3646165600146,3646165628949,3646177925415,3646177936691,3646180260128,0.0288,12.2965,2.3234,14.6600,40,31
t0370,true,,3646430388981,3646430557636,3646443878342,3646443882755,3646445883557,0.1687,13.3207,2.0008,15.4946,40,31
t0371,true,,3646696094626,3646696123964,3646718659837,3646718675725,3646721185324,0.0293,22.5359,2.5096,25.0907,40,31
t0372,true,,3646971292339,3646971325776,3646981894608,3646981900305,3646983952103,0.0334,10.5688,2.0518,12.6598,40,31
t0373,true,,3647234256805,3647234281140,3647255104545,3647255122645,3647259058000,0.0243,20.8234,3.9354,24.8012,40,31
t0374,true,,3647509162379,3647509188009,3647524301096,3647524314481,3647576630269,0.0256,15.1131,52.3158,67.4679,40,31
t0375,true,,3647826856338,3647826882368,3647841689070,3647841699754,3647851171949,0.0260,14.8067,9.4722,24.3156,40,31
t0376,true,,3648101287882,3648101325096,3648112023784,3648112034136,3648117256312,0.0372,10.6987,5.2222,15.9684,40,31
t0377,true,,3648367449056,3648367472260,3648390316598,3648390330345,3648392447994,0.0232,22.8443,2.1176,24.9989,40,31
t0378,true,,3648642589125,3648642621515,3648656958977,3648656982128,3648659136626,0.0324,14.3375,2.1545,16.5475,40,31
t0379,true,,3648909391713,3648909421997,3648922485148,3648922495642,3648925457194,0.0303,13.0632,2.9616,16.0655,40,31
t0380,true,,3649175659209,3649175858931,3649188051913,3649188066553,3649196308763,0.1997,12.1930,8.2422,20.6496,40,31
t0381,true,,3649446422288,3649446446958,3649461034811,3649461040403,3649462975255,0.0247,14.5879,1.9349,16.5530,40,31
t0382,true,,3649713075744,3649713102464,3649725833861,3649725844325,3649728312226,0.0267,12.7314,2.4679,15.2365,40,31
t0383,true,,3649978519316,3649978543690,3649992133845,3649992144125,3649994264055,0.0244,13.5902,2.1199,15.7447,40,31
t0384,true,,3650244388698,3650244417492,3650258864851,3650258881972,3650262595878,0.0288,14.4474,3.7139,18.2072,40,31
t0385,true,,3650512713444,3650512743853,3650520377238,3650520387782,3650522590965,0.0304,7.6334,2.2032,9.8775,40,31
t0386,true,,3650772802230,3650772831164,3650784589935,3650784601253,3650786702540,0.0289,11.7588,2.1013,13.9003,40,31
t0387,true,,3651036908742,3651036937965,3651053519838,3651053525355,3651056655519,0.0292,16.5819,3.1302,19.7468,40,31
t0388,true,,3651306755914,3651306782296,3651323822576,3651323838268,3651326171293,0.0264,17.0403,2.3330,19.4154,40,31
t0389,true,,3651576268917,3651576300294,3651588294382,3651588307218,3651590565948,0.0314,11.9941,2.2587,14.2970,40,31
t0390,true,,3651840772781,3651840800253,3651847762327,3651847772942,3651850132218,0.0275,6.9621,2.3593,9.3594,40,31
t0391,true,,3652100266941,3652100481347,3652117401687,3652117412646,3652119605848,0.2144,16.9203,2.1932,19.3389,40,31
t0392,true,,3652369813122,3652369838837,3652384035790,3652384176661,3652387030577,0.0257,14.1970,2.8539,17.2175,40,31
t0393,true,,3652637257875,3652637289482,3652647350765,3652647361861,3652649264284,0.0316,10.0613,1.9024,12.0064,40,31
t0394,true,,3652899392698,3652899421409,3652912214677,3652912224912,3652914573036,0.0287,12.7933,2.3481,15.1803,40,31
t0395,true,,3653164701165,3653164727163,3653176037283,3653176047816,3653177991795,0.0260,11.3101,1.9440,13.2906,40,31
t0396,true,,3653428207841,3653428233826,3653442278814,3653442289084,3653445458403,0.0260,14.0450,3.1693,17.2506,40,31
t0397,true,,3653695673886,3653695700484,3653711023704,3653711038056,3653714202250,0.0266,15.3232,3.1642,18.5284,40,31
t0398,true,,3653964362355,3653964391328,3655006475262,3655006489417,3655010301864,0.0290,1042.0839,3.8124,1045.9395,40,31
t0399,true,,3655260506129,3655260533197,3655277313191,3655277324092,3655281766965,0.0271,16.7800,4.4429,21.2608,40,31
t0400,true,,3655531974889,3655531998278,3655544868779,3655544882808,3655547167487,0.0234,12.8705,2.2847,15.1926,40,31
t0401,true,,3655797264878,3655797291800,3655809137412,3655809143366,3655812686840,0.0269,11.8456,3.5435,15.4220,40,31
t0402,true,,3656062825056,3656062860792,3656101672921,3656101689303,3656107146491,0.0357,38.8121,5.4572,44.3214,40,31
t0403,true,,3656357246945,3656357274929,3656370211624,3656370222737,3656372470564,0.0280,12.9367,2.2478,15.2236,40,31
t0404,true,,3656622602988,3656622626693,3656640823995,3656640834451,3656653271409,0.0237,18.1973,12.4370,30.6684,40,31
t0405,true,,3656903410984,3656903435316,3656918326639,3656918337222,3656921371908,0.0243,14.8913,3.0347,17.9609,40,31
t0406,true,,3657171503894,3657171536085,3657185654972,3657185666022,3657187549309,0.0322,14.1189,1.8833,16.0454,40,31
t0407,true,,3657437668841,3657437707382,3657449843789,3657449855450,3657452231201,0.0385,12.1364,2.3758,14.5624,40,31
t0408,true,,3657702362928,3657702398192,3657719782211,3657719794112,3657725980292,0.0353,17.3840,6.1862,23.6174,40,31
t0409,true,,3657976118197,3657976142950,3657995752701,3657995762041,3658000764883,0.0248,19.6098,5.0028,24.6467,40,31
t0410,true,,3658250900168,3658250923267,3658266961045,3658266977620,3658274445718,0.0231,16.0378,7.4681,23.5455,40,31
t0411,true,,3658524670145,3658524699694,3658537321597,3658537333952,3658539378858,0.0295,12.6219,2.0449,14.7087,40,31
t0412,true,,3658789479899,3658789506218,3658841408195,3658841418981,3658843366163,0.0263,51.9020,1.9472,53.8863,40,31
t0413,true,,3659093497480,3659093659300,3659152497708,3659152510902,3659156124556,0.1618,58.8384,3.6137,62.6271,40,31
t0414,true,,3659406224588,3659406259062,3659446519815,3659446535793,3659455815873,0.0345,40.2608,9.2801,49.5913,40,31
t0415,true,,3659705958084,3659705978705,3659899349165,3659899370310,3659925427169,0.0206,193.3705,26.0569,219.4691,40,31
t0416,true,,3660175651484,3660175677984,3660211800650,3660211811452,3660220486832,0.0265,36.1227,8.6754,44.8353,40,31
t0417,true,,3660470697632,3660470725616,3660517536485,3660517547977,3660522157890,0.0280,46.8109,4.6099,51.4603,40,31
t0418,true,,3660772256611,3660772286589,3660864289438,3660864306654,3660896711728,0.0300,92.0028,32.4051,124.4551,40,31
t0419,true,,3661146923907,3661146946497,3661205615781,3661205629233,3661219945630,0.0226,58.6693,14.3164,73.0217,40,31
t0420,true,,3661470009922,3661470231741,3661487304327,3661487349685,3661502793215,0.2218,17.0726,15.4435,32.7833,40,31
t0421,true,,3661753040084,3661753069019,3661770473338,3661770491057,3661774983109,0.0289,17.4043,4.4921,21.9430,40,31
t0422,true,,3662025112350,3662025248807,3662038853421,3662038864979,3662042162556,0.1365,13.6046,3.2976,17.0502,40,31
t0423,true,,3662292266910,3662292296803,3662309033215,3662309046361,3662312769429,0.0299,16.7364,3.7231,20.5025,40,31
t0424,true,,3662562991522,3662563026155,3662577058872,3662577069018,3662581531134,0.0346,14.0327,4.4621,18.5396,40,31
t0425,true,,3662831658851,3662831692355,3662846799328,3662846809798,3662850297304,0.0335,15.1070,3.4875,18.6385,40,31
t0426,true,,3663100395354,3663100420052,3663111069169,3663111083511,3663113053238,0.0247,10.6491,1.9697,12.6579,40,31
t0427,true,,3663363221728,3663363254343,3663374620350,3663374641984,3663376911766,0.0326,11.3660,2.2698,13.6900,40,31
t0428,true,,3663627101447,3663627129635,3663658630706,3663658651216,3663662773460,0.0282,31.5011,4.1222,35.6720,40,31
t0429,true,,3663912897943,3663912926046,3663925641509,3663925657114,3663927535972,0.0281,12.7155,1.8789,14.6380,40,31
t0430,true,,3664177742457,3664177776023,3664195772936,3664195787175,3664198140598,0.0336,17.9969,2.3534,20.3981,40,31
t0431,true,,3664448369363,3664448400880,3664462771133,3664462781568,3664464904329,0.0315,14.3703,2.1228,16.5350,40,31
t0432,true,,3664715126055,3664715155043,3664728073993,3664728079052,3664730467909,0.0290,12.9190,2.3889,15.3419,40,31
t0433,true,,3664980562779,3664980592299,3665002775812,3665002795458,3665005921177,0.0295,22.1835,3.1257,25.3584,40,31
t0434,true,,3665256018167,3665256225970,3665271492777,3665271501994,3665274578513,0.2078,15.2668,3.0765,18.5603,40,31
t0435,true,,3665524707684,3665524729783,3665536334546,3665536342338,3665539015352,0.0221,11.6048,2.6730,14.3077,40,31
t0436,true,,3665789139111,3665789164362,3665802418232,3665802428372,3665804644610,0.0253,13.2539,2.2162,15.5055,40,31
t0437,true,,3666054777460,3666054801283,3666071749473,3666071760489,3666075175579,0.0238,16.9482,3.4151,20.3981,40,31
t0438,true,,3666325277919,3666325303288,3666389212481,3666389226844,3666402688701,0.0254,63.9092,13.4619,77.4108,40,31
t0439,true,,3666652900411,3666652923043,3666730114537,3666730138272,3666749077149,0.0226,77.1915,18.9389,96.1767,40,31
t0440,true,,3666999199179,3666999233207,3667047927520,3667047940901,3667050654936,0.0340,48.6943,2.7140,51.4558,40,31
t0441,true,,3667300788419,3667300820633,3667313602698,3667313608589,3667317226288,0.0322,12.7821,3.6177,16.4379,40,31
t0442,true,,3667567328018,3667567365277,3667580849676,3667580862180,3667584182999,0.0373,13.4844,3.3208,16.8550,40,31
t0443,true,,3667834319090,3667834549016,3667857547984,3667857563087,3667861332276,0.2299,22.9990,3.7692,27.0132,40,31
t0444,true,,3668111469836,3668111504024,3668125122611,3668125133789,3668128610410,0.0342,13.6186,3.4766,17.1406,40,31
t0445,true,,3668378706703,3668378736398,3668394175554,3668394179896,3668398102547,0.0297,15.4392,3.9227,19.3958,40,31
t0446,true,,3668648198045,3668648225785,3668665558749,3668665569963,3668669312827,0.0277,17.3330,3.7429,21.1148,40,31
t0447,true,,3668919455040,3668919489263,3668933702118,3668933720684,3668937305150,0.0342,14.2129,3.5845,17.8501,40,31
t0448,true,,3669187426835,3669187613334,3669205910225,3669205915001,3669208676563,0.1865,18.2969,2.7616,21.2497,40,31
t0449,true,,3669458880791,3669458904730,3669475931663,3669475942708,3669479500934,0.0239,17.0269,3.5582,20.6201,40,31
t0450,true,,3669729618555,3669729641279,3669751554420,3669751574828,3669754914217,0.0227,21.9131,3.3394,25.2957,40,31
t0451,true,,3670005050893,3670005075514,3670015587214,3670015591816,3670017635832,0.0246,10.5117,2.0440,12.5849,40,31
t0452,true,,3670267789463,3670267815586,3670282287239,3670282297952,3670285088630,0.0261,14.4717,2.7907,17.2992,40,31
t0453,true,,3670535188246,3670535213624,3670549015637,3670549032516,3670551667182,0.0254,13.8020,2.6347,16.4789,40,31
t0454,true,,3670801805951,3670801829458,3670809710368,3670809720764,3670811565006,0.0235,7.8809,1.8442,9.7591,40,31
t0455,true,,3671061767492,3671061793765,3671076291292,3671076303844,3671079791673,0.0263,14.4975,3.4878,18.0242,40,31
t0456,true,,3671329922861,3671330094707,3671340266682,3671340276742,3671343915294,0.1718,10.1720,3.6386,13.9924,40,31
t0457,true,,3671594110308,3671594135172,3671611654062,3671611666677,3671614088591,0.0249,17.5189,2.4219,19.9783,40,31
t0458,true,,3671864292763,3671864315455,3671878043250,3671878055080,3671881112006,0.0227,13.7278,3.0569,16.8192,40,31
t0459,true,,3672131211454,3672131237175,3672147161469,3672147180567,3672150943062,0.0257,15.9243,3.7625,19.7316,40,31
t0460,true,,3672401038180,3672401073096,3672415690696,3672415701089,3672419399369,0.0349,14.6176,3.6983,18.3612,40,31
t0461,true,,3672669532972,3672669557442,3672686902902,3672686921116,3672689557117,0.0245,17.3455,2.6360,20.0241,40,31
t0462,true,,3672939759976,3672939809352,3672957913542,3672957924465,3672961590087,0.0494,18.1042,3.6656,21.8301,40,31
t0463,true,,3673211693771,3673211718704,3673229620060,3673229634137,3673232256017,0.0249,17.9014,2.6219,20.5622,40,31
t0464,true,,3673482428331,3673482460668,3673516608963,3673516619439,3673519237026,0.0323,34.1483,2.6176,36.8087,40,31
t0465,true,,3673769336988,3673769371915,3673781786416,3673781805266,3673784155891,0.0349,12.4145,2.3506,14.8189,40,31
t0466,true,,3674034395714,3674034423500,3674047323500,3674047344251,3674049752012,0.0278,12.9000,2.4078,15.3563,40,31
t0467,true,,3674300008454,3674300043366,3674333452861,3674333464474,3674335701079,0.0349,33.4095,2.2366,35.6926,40,31
t0468,true,,3674585882946,3674585915586,3674603591213,3674603602614,3674606077266,0.0326,17.6756,2.4747,20.1943,40,31
t0469,true,,3674856306980,3674856329987,3674867788579,3674867800192,3674869945720,0.0230,11.4586,2.1455,13.6387,40,31
t0470,true,,3675120010550,3675120042148,3675141958553,3675141969894,3675156204424,0.0316,21.9164,14.2345,36.1939,40,31
t0471,true,,3675406423029,3675406675047,3675463199260,3675463216279,3675472469188,0.2520,56.5242,9.2529,66.0462,40,31
t0472,true,,3675722616694,3675722649760,3675755922983,3675755938946,3675758205096,0.0331,33.2732,2.2662,35.5884,40,31
t0473,true,,3676008324747,3676008365685,3676021124430,3676021135543,3676023186766,0.0409,12.7587,2.0512,14.8620,40,31
t0474,true,,3676273288808,3676273310452,3676284898143,3676284906467,3676288271326,0.0216,11.5877,3.3649,14.9825,40,31
t0475,true,,3676538505869,3676538533201,3676550152493,3676550163848,3676552400692,0.0273,11.6193,2.2368,13.8948,40,31
t0476,true,,3676802537065,3676802568046,3676815263469,3676815273669,3676817537233,0.0310,12.6954,2.2636,15.0002,40,31
t0477,true,,3677067667767,3677067694302,3677094207004,3677094225410,3677101134811,0.0265,26.5127,6.9094,33.4670,40,31
t0478,true,,3677351243192,3677351269239,3677371402890,3677371424074,3677388358495,0.0260,20.1337,16.9344,37.1153,40,31
t0479,true,,3677638504506,3677638529258,3677656075636,3677656090962,3677658997702,0.0248,17.5464,2.9067,20.4932,40,31
t0480,true,,3677909106748,3677909130220,3677932670576,3677932689387,3677935024364,0.0235,23.5404,2.3350,25.9176,40,31
t0481,true,,3678185159360,3678185436416,3678211349438,3678211359169,3678227870376,0.2771,25.9130,16.5112,42.7110,40,31
t0482,true,,3678478076499,3678478099057,3678510192666,3678510207311,3678513397220,0.0226,32.0936,3.1899,35.3207,40,31
t0483,true,,3678763522713,3678763546748,3678791806794,3678791811090,3678805113471,0.0240,28.2600,13.3024,41.5908,40,31
t0484,true,,3679055329175,3679055360482,3679084789641,3679084804557,3679091705626,0.0313,29.4292,6.9011,36.3765,40,31
t0485,true,,3679341854515,3679341882017,3679358750010,3679358754830,3679368721996,0.0275,16.8680,9.9672,26.8675,40,31
t0486,true,,3679618856842,3679618889295,3679640150417,3679640161718,3679643388418,0.0325,21.2611,3.2267,24.5316,40,31
t0487,true,,3679893528455,3679893555439,3679920878044,3679920905465,3679937022222,0.0270,27.3226,16.1168,43.4938,40,31
t0488,true,,3680187137191,3680187382214,3680220098273,3680220108662,3680223799253,0.2450,32.7161,3.6906,36.6621,40,31
t0489,true,,3680473949373,3680473979793,3680499848547,3680499864328,3680516132782,0.0304,25.8688,16.2685,42.1834,40,31
t0490,true,,3680766247794,3680766274689,3680796279974,3680796290503,3680800045952,0.0269,30.0053,3.7554,33.7982,40,31
t0491,true,,3681050263279,3681050287600,3681070075070,3681070090647,3681072968205,0.0243,19.7875,2.8776,22.7049,40,31
t0492,true,,3681323067401,3681323096381,3681364216089,3681364231305,3681376672318,0.0290,41.1197,12.4410,53.6049,40,31
t0493,true,,3681626888356,3681626911510,3681653341936,3681653356478,3681656906026,0.0232,26.4304,3.5495,30.0177,40,31
t0494,true,,3681907135493,3681907344448,3681927284148,3681927295261,3681931194777,0.2090,19.9397,3.8995,24.0593,40,31
t0495,true,,3682181298624,3682181336065,3682190514588,3682190523244,3682196507870,0.0374,9.1785,5.9846,15.2092,40,31
t0496,true,,3682446666096,3682446705952,3682554866180,3682554883907,3682567076024,0.0399,108.1602,12.1921,120.4099,40,31
t0497,true,,3682817190727,3682817221149,3682831475782,3682831491592,3682833605364,0.0304,14.2546,2.1138,16.4146,40,31
t0498,true,,3683083749698,3683083779433,3683099225236,3683099245508,3683102841181,0.0297,15.4458,3.5957,19.0915,40,31
t0499,true,,3683352988071,3683353020286,3683366136439,3683366149704,3683375273152,0.0322,13.1162,9.1234,22.2851,40,31
t0500,false,ssl_read -0x7880: SSL - The peer notified us that the connection is going to be closed,3683625491470,3683625516511,3683640180248,3683640193726,3683893480410,0.0250,14.6637,253.2867,267.9889,40,0
