trial_id,scan_ms,connect_ms,request_write_ms,server_process_ms,decrypt_ms,state_init_ms,kex_total_ms,t_request_sent_ns,t_key_available_ns,t_key_decrypted_ns,t_state_initialized_ns,success,failure_stage,failure_reason
I_0001,420.574,5431.643,580.917,90.106,6.611,0.018,677.662,33434406727311,33434496833269,33434503450780,33434503472666,True,,
I_0002,547.361,3272.913,308.673,90.149,0.226,0.018,399.075,33442146346314,33442236495213,33442236727367,33442236748608,True,,
I_0003,253.709,2623.268,307.513,89.787,0.202,0.016,397.527,33448221715242,33448311502031,33448311710649,33448311728838,True,,
I_0004,2591.851,2625.375,305.016,92.179,0.207,0.015,397.425,33457534810911,33457626989705,33457627202385,33457627219652,True,,
I_0005,371.413,2640.507,395.407,91.938,0.217,0.016,487.588,33464419818960,33464511757271,33464511981215,33464511999550,True,,
I_0006,682.921,2644.933,396.147,91.647,0.216,0.018,488.038,33471755586884,33471847233790,33471847455513,33471847477513,True,,
I_0007,1771.978,2636.698,397.271,90.162,0.211,0.016,487.669,33479811656186,33479901818480,33479902035694,33479902054444,True,,
I_0008,545.362,2601.506,398.242,91.14,0.291,0.037,489.721,33486561572798,33486652713007,33486653011781,33486653052328,True,,
I_0009,864.48,2598.321,398.528,89.886,0.298,0.039,488.763,33493897598870,33493987484781,33493987790919,33493987834429,True,,
I_0010,559.887,2722.479,397.383,90.041,0.219,0.027,487.679,33500691715836,33500781757124,33500781982558,33500782012486,True,,
I_0011,997.549,2601.157,441.684,90.175,0.541,0.02,532.439,33508071722962,33508161898456,33508162449892,33508162477846,True,,
I_0012,576.049,6126.705,847.402,90.051,0.328,0.036,937.831,33518556462887,33518646513759,33518646851196,33518646892428,True,,
I_0013,1111.493,2665.888,308.218,89.276,0.196,0.016,397.715,33526117545320,33526206821540,33526207023336,33526207042247,True,,
I_0014,550.613,7006.897,307.632,90.437,0.204,0.015,398.297,33536871468334,33536961905322,33536962115747,33536962132698,True,,
I_0015,1254.345,2612.798,351.899,90.498,0.284,0.033,442.726,33544251380310,33544341878647,33544342169671,33544342207699,True,,
I_0016,24.533,2671.083,308.519,90.399,0.21,0.016,399.153,33551046339277,33551136738220,33551136955716,33551136973586,True,,
I_0017,94.482,2603.044,306.881,90.385,0.281,0.129,397.688,33557031351169,33557121736202,33557122024155,33557122157987,True,,
I_0018,150.001,4661.828,352.995,90.126,0.201,0.015,443.346,33565176562243,33565266688621,33565266895409,33565266912474,True,,
I_0019,565.856,2580.377,307.924,90.049,0.197,0.015,398.194,33572466617022,33572556665527,33572556869740,33572556887202,True,,
I_0020,260.801,4729.424,353.96,89.933,0.186,0.015,444.103,33581376770448,33581466703285,33581466895877,33581466913206,True,,
I_0021,611.405,2627.179,351.072,90.746,0.205,0.016,442.048,33588621955630,33588712701194,33588712912685,33588712930969,True,,
I_0022,440.639,4641.913,307.32,90.044,0.212,0.015,397.599,33597396753459,33597486796979,33597487015018,33597487032495,True,,
I_0023,715.42,2611.5,308.263,90.917,0.272,0.04,399.504,33604686422894,33604777339671,33604777619627,33604777663749,True,,
I_0024,1811.374,2640.955,352.041,90.248,0.294,0.034,442.628,33612831543662,33612921791945,33612922092598,33612922130264,True,,
I_0025,560.992,4656.624,352.142,90.18,0.199,0.03,442.56,33621606609008,33621696789110,33621696994450,33621697026641,True,,
I_0026,926.639,3436.354,306.444,90.018,0.206,0.015,396.69,33629706690954,33629796708527,33629796920083,33629796937347,True,,
I_0027,984.231,2612.986,307.903,88.956,0.278,0.035,397.183,33636951491734,33637040447655,33637040733497,33637040772578,True,,
I_0028,2084.697,4617.134,352.697,89.937,0.275,0.034,442.954,33647076869174,33647166805809,33647167087972,33647167126443,True,,
I_0029,563.404,2312.163,399.78,88.933,0.275,0.023,489.024,33653287564969,33653376498250,33653376782319,33653376809225,True,,
I_0030,1186.123,2635.199,308.037,89.462,0.205,0.018,397.731,33661161870531,33661251332546,33661251544644,33661251564929,True,,
I_0031,1241.888,2625.197,306.743,89.845,0.212,0.019,396.83,33669216549776,33669306394498,33669306614549,33669306636362,True,,
I_0032,48.013,5935.396,305.859,90.033,0.186,0.016,396.103,33679296599675,33679386633049,33679386825780,33679386843770,True,,
I_0033,1383.76,4641.546,444.044,89.923,0.303,0.038,534.322,33689511634250,33689601557672,33689601868637,33689601912132,True,,
I_0034,1471.512,3337.72,399.377,179.996,0.197,0.016,579.594,33698241458146,33698421453710,33698421657254,33698421675683,True,,
I_0035,556.229,3399.413,354.516,90.169,0.34,0.046,445.09,33706341483330,33706431652195,33706431999472,33706432057338,True,,
I_0036,621.767,3425.883,352.689,90.164,0.188,0.015,443.065,33714441596394,33714531760535,33714531954879,33714531971788,True,,
I_0037,717.679,2654.109,398.324,90.06,0.206,0.018,488.617,33721776305323,33721866365357,33721866577474,33721866598703,True,,
I_0038,4517.379,2679.453,442.632,90.158,0.277,0.037,533.117,33732666477008,33732756634740,33732756919993,33732756961904,True,,
I_0039,867.655,3361.039,890.908,90.001,0.27,0.026,981.218,33741126667655,33741216669061,33741216947633,33741216977673,True,,
I_0040,1653.603,2662.559,308.685,89.613,0.237,0.018,398.564,33748642220882,33748731833611,33748732078060,33748732098916,True,,
I_0041,969.315,5372.59,352.577,89.2,0.198,0.016,441.999,33758721543484,33758810743668,33758810947551,33758810965290,True,,
I_0042,1062.708,7393.112,353.037,91.283,0.269,0.035,444.635,33770826352538,33770917635181,33770917911403,33770917950550,True,,
I_0043,1140.945,4660.131,307.84,91.421,0.286,0.022,399.58,33780141454607,33780232875944,33780233168884,33780233194309,True,,
I_0044,943.493,5936.891,308.944,90.926,0.198,0.016,400.093,33790221584507,33790312510195,33790312714899,33790312732994,True,,
I_0045,37.651,2614.702,351.555,91.088,0.194,0.015,442.861,33797016496978,33797107584640,33797107785697,33797107803130,True,,
I_0046,55.265,2684.886,308.965,90.514,0.206,0.016,399.709,33803091476415,33803181990272,33803182202335,33803182220397,True,,
I_0047,234.312,5791.219,354.189,89.076,0.277,0.04,443.594,33812407324875,33812496401066,33812496685559,33812496729838,True,,
I_0048,209.741,3927.489,353.702,89.483,0.306,0.04,443.545,33820507318167,33820596801151,33820597116212,33820597160408,True,,
I_0049,266.827,4634.14,355.216,89.987,0.269,0.031,445.517,33829282423811,33829372411053,33829372687924,33829372724424,True,,
I_0050,615.448,2620.401,353.236,91.375,0.299,0.042,444.965,33836616411391,33836707786516,33836708092731,33836708140048,True,,
I_0051,374.755,4662.058,352.876,89.929,0.22,0.018,443.055,33845436750571,33845526679371,33845526909108,33845526929657,True,,
I_0052,722.631,5395.228,351.52,89.997,0.195,0.017,441.736,33855516538519,33855606535069,33855606735770,33855606754726,True,,
I_0053,811.366,3369.882,353.173,91.058,0.193,0.015,444.447,33863571692182,33863662749857,33863662949162,33863662966899,True,,
I_0054,866.249,5384.874,352.601,89.609,0.205,0.016,442.442,33873651350550,33873740959821,33873741172303,33873741191187,True,,
I_0055,955.986,2683.71,309.288,136.619,0.21,0.017,446.144,33880986274766,33881122894171,33881123110635,33881123130732,True,,
I_0056,761.905,2608.367,353.442,89.941,0.216,0.017,443.627,33887736612343,33887826552918,33887826777562,33887826798062,True,,
I_0057,1068.2,2618.241,309.11,89.957,0.185,0.015,399.277,33895027756591,33895117714083,33895117906977,33895117923859,True,,
I_0058,564.882,2941.729,308.174,90.923,0.281,0.039,399.429,33901821609028,33901912532236,33901912820285,33901912863940,True,,
I_0059,1189.513,3350.695,354.825,90.227,0.203,0.016,445.28,33909922745688,33910012972882,33910013182204,33910013200450,True,,
I_0060,1241.581,4694.106,308.004,137.054,0.456,0.041,445.571,33919281714609,33919418768271,33919419233515,33919419280747,True,,
I_0061,42.92,4725.666,351.455,90.605,0.2,0.015,442.284,33928147316306,33928237920931,33928238127683,33928238145345,True,,
I_0062,103.74,3898.55,308.25,89.991,0.212,0.016,398.478,33935347887661,33935437878364,33935438096872,33935438115169,True,,
I_0063,154.761,2633.384,352.309,91.029,0.209,0.016,443.571,33942186732289,33942277761782,33942277976835,33942277994382,True,,
I_0064,548.154,4625.502,306.032,91.1,0.206,0.016,397.363,33951501738392,33951592838406,33951593051244,33951593069699,True,,
I_0065,1600.535,4786.382,352.931,90.632,0.203,0.017,443.794,33961761813328,33961852445646,33961852656120,33961852676326,True,,
I_0066,1685.489,2632.157,306.529,89.189,0.215,0.018,395.96,33969636648397,33969725837487,33969726059044,33969726079577,True,,
I_0067,472.231,2629.327,352.27,91.384,0.209,0.016,443.89,33976476526210,33976567910665,33976568127591,33976568146101,True,,
I_0068,762.427,3373.888,307.879,91.158,0.202,0.022,399.278,33984486616210,33984577773967,33984577991604,33984578015415,True,,
I_0069,1595.183,4700.091,308.854,91.307,0.197,0.016,400.382,33994611361317,33994702668407,33994702871566,33994702889808,True,,
I_0070,6961.276,2619.736,353.352,91.251,0.229,0.018,444.86,34007976573436,34008067824148,34008068061329,34008068081509,True,,
I_0071,555.675,4928.666,400.531,90.048,0.198,0.016,490.802,34016932727867,34017022775514,34017022980126,34017022998912,True,,
I_0072,1074.308,2612.402,397.671,92.076,0.205,0.015,489.977,34024131688256,34024223763898,34024223976764,34024223994447,True,,
I_0073,563.203,2223.694,440.672,92.71,0.307,0.045,533.749,34030249899088,34030342609335,34030342926378,34030342976612,True,,
I_0074,1201.872,3340.449,441.409,91.9,0.207,0.017,533.544,34039026556166,34039118455859,34039118670593,34039118690740,True,,
I_0075,2030.736,5947.895,380.971,137.152,0.193,0.016,518.341,34050366364433,34050503516376,34050503715988,34050503734719,True,,
I_0076,88.87,3913.633,397.397,90.65,0.294,0.044,488.399,34058421777833,34058512428032,34058512730464,34058512779895,True,,
I_0077,146.227,4800.278,757.973,91.2,0.287,0.039,849.511,34067736587971,34067827787777,34067828083422,34067828126283,True,,
I_0078,554.331,2544.992,625.045,91.109,0.205,0.016,716.384,34074756698580,34074847808021,34074848019725,34074848037857,True,,
I_0079,301.486,2620.928,353.139,90.645,0.19,0.015,443.997,34081281933894,34081372578820,34081372774847,34081372792012,True,,
I_0080,611.791,3435.858,307.65,88.119,0.3,0.04,396.121,34089382628308,34089470747532,34089471055625,34089471099773,True,,
I_0081,668.797,4636.928,308.037,91.22,0.313,0.049,399.63,34098651486533,34098742706361,34098743026620,34098743080110,True,,
I_0082,1748.569,2658.585,307.038,91.174,0.241,0.018,398.482,34106751484238,34106842657766,34106842907780,34106842928869,True,,
I_0083,1794.317,5401.147,308.576,91.136,0.27,0.037,400.03,34117551464502,34117642600485,34117642877280,34117642918742,True,,
I_0084,901.15,2606.495,351.443,91.921,0.202,0.02,443.598,34124886375899,34124978297352,34124978507750,34124978530438,True,,
I_0085,555.902,2004.227,353.482,91.183,0.21,0.03,444.915,34130961493926,34131052676973,34131052893540,34131052926666,True,,
I_0086,726.144,2644.807,307.784,91.416,0.192,0.017,399.417,34137711326433,34137802742498,34137802941133,34137802959998,True,,
I_0087,1080.398,4675.149,401.574,89.054,0.273,0.036,490.948,34147164347009,34147253401170,34147253681038,34147253720772,True,,
I_0088,1122.075,5399.365,308.67,91.113,0.204,0.017,400.013,34157872396859,34157963510189,34157963720645,34157963739841,True,,
I_0089,1947.772,2638.286,354.486,90.923,0.199,0.016,445.632,34165971806648,34166062730020,34166062934730,34166062952760,True,,
I_0090,1268.46,2641.288,310.034,90.159,0.306,0.051,400.564,34173262241726,34173352400381,34173352714569,34173352771364,True,,
I_0091,80.254,3963.934,310.222,90.68,0.206,0.017,401.134,34181361783467,34181452463044,34181452675299,34181452695596,True,,
I_0092,1420.251,2759.851,308.849,92.081,0.273,0.019,401.237,34189506332153,34189598412975,34189598695900,34189598720190,True,,
I_0093,1481.968,2652.765,309.781,90.307,0.281,0.048,400.43,34197472395389,34197562702665,34197562991804,34197563044393,True,,
I_0094,246.515,3933.87,353.703,92.294,0.342,0.043,446.398,34205571420706,34205663715007,34205664066729,34205664115473,True,,
I_0095,300.205,2620.439,308.264,92.4,0.236,0.022,400.933,34212276318252,34212368718037,34212368961691,34212368987579,True,,
I_0096,658.779,2620.337,309.943,92.369,0.19,0.017,402.527,34219611384330,34219703752975,34219703949415,34219703968525,True,,
I_0097,430.126,3929.929,355.024,91.245,0.19,0.017,446.486,34227757321180,34227848565746,34227848764593,34227848783989,True,,
I_0098,514.425,3934.978,264.661,91.04,0.236,0.019,355.966,34235721287249,34235812327391,34235812570814,34235812592487,True,,
I_0099,545.361,1924.149,354.675,89.746,0.272,0.033,444.737,34241842662185,34241932407737,34241932687376,34241932724286,True,,
I_0100,555.292,6684.529,310.171,90.153,0.191,0.016,400.54,34252597294215,34252687447458,34252687644800,34252687663305,True,,
I_0101,970.764,3434.647,308.685,91.148,0.289,0.018,400.154,34260741305973,34260832454026,34260832751803,34260832774741,True,,
I_0102,1021.966,4643.405,353.093,91.379,0.292,0.044,444.82,34270056359186,34270147737992,34270148037997,34270148086579,True,,
I_0103,552.096,2143.141,355.692,90.109,0.29,0.036,446.14,34276087266154,34276177374837,34276177673336,34276177713703,True,,
I_0104,555.099,4255.751,353.153,91.948,0.202,0.018,445.33,34284186381103,34284278329535,34284278537488,34284278558079,True,,
I_0105,1962.187,4649.484,307.159,91.085,0.279,0.036,398.57,34294941328163,34295032413092,34295032699123,34295032739271,True,,
I_0106,37.033,2614.715,352.528,90.88,0.202,0.017,443.637,34301016549939,34301107429645,34301107639367,34301107659646,True,,
I_0107,58.278,2636.978,308.899,91.08,0.266,0.043,400.299,34307046615034,34307137695079,34307137968344,34307138014946,True,,
I_0108,117.077,3973.602,353.49,91.12,0.197,0.018,444.834,34314471457654,34314562577601,34314562780763,34314562801918,True,,
I_0109,168.983,2660.465,310.365,135.023,0.217,0.017,445.632,34321177349769,34321312373261,34321312596772,34321312616863,True,,
I_0110,555.602,3353.502,309.99,91.124,0.298,0.038,401.463,34329231278179,34329322401722,34329322708405,34329322751099,True,,
I_0111,614.56,5364.291,400.539,90.161,0.195,0.019,490.922,34339402236906,34339492397919,34339492598733,34339492620217,True,,
I_0112,706.249,2619.759,308.251,90.892,0.214,0.019,399.385,34346646467696,34346737359903,34346737580846,34346737602536,True,,
I_0113,467.441,3892.686,308.096,91.003,0.215,0.018,399.34,34354701426948,34354792429523,34354792650739,34354792671737,True,,
I_0114,520.247,7980.309,353.755,90.125,0.264,0.033,444.188,34366897396856,34366987522092,34366987793188,34366987829681,True,,
I_0115,549.558,2010.038,353.612,91.084,0.371,0.037,445.117,34372926258060,34373017342254,34373017720378,34373017762910,True,,
I_0116,605.644,6005.254,307.644,91.98,0.193,0.016,399.843,34382960741967,34383052721769,34383052921886,34383052940601,True,,
I_0117,548.114,2102.638,353.874,90.819,0.354,0.017,445.077,34389036638704,34389127457862,34389127819697,34389127841692,True,,
I_0118,558.397,6186.04,310.811,90.816,0.374,0.048,402.063,34399072495485,34399163311374,34399163694393,34399163747683,True,,
I_0119,553.656,2996.612,354.18,90.952,0.194,0.016,445.35,34405911748672,34406002700963,34406002901358,34406002919457,True,,
I_0120,3968.061,4621.503,310.589,89.769,0.297,0.06,400.729,34417927669327,34418017438081,34418017741616,34418017809235,True,,
I_0121,1294.852,2613.992,309.78,91.079,0.278,0.066,401.214,34425261364165,34425352443172,34425352728605,34425352798289,True,,
I_0122,127.248,3965.064,307.048,91.35,0.281,0.016,398.706,34433406585099,34433497934826,34433498223390,34433498243489,True,,
I_0123,168.504,3921.83,399.771,90.475,0.212,0.015,490.482,34441507385220,34441597860319,34441598078976,34441598096695,True,,
I_0124,222.344,2608.423,444.348,90.252,0.301,0.037,534.95,34448302524631,34448392776659,34448393084939,34448393127044,True,,
I_0125,570.212,5412.223,352.41,90.152,0.276,0.042,442.893,34458382330553,34458472482986,34458472766959,34458472813400,True,,
I_0126,2673.471,4659.34,395.619,135.882,0.195,0.016,531.721,34469766780642,34469902662967,34469902863912,34469902882106,True,,
I_0127,1775.505,4702.038,396.752,91.084,0.269,0.044,488.16,34479891603988,34479982687932,34479982964348,34479983012223,True,,
I_0128,552.377,1919.42,441.204,91.196,0.262,0.036,532.707,34485921482990,34486012678617,34486012947239,34486012986559,True,,
I_0129,546.162,3951.366,801.724,90.879,0.275,0.036,892.926,34494337878130,34494428757508,34494429040153,34494429079791,True,,
I_0130,1680.1,4662.287,353.115,89.901,0.266,0.032,443.325,34504732763307,34504822664053,34504822937439,34504822973409,True,,
I_0131,1051.312,3356.17,307.813,90.302,0.368,0.047,398.546,34512742497591,34512832799613,34512833175236,34512833230464,True,,
I_0132,1090.34,2641.84,396.849,90.99,0.274,0.035,488.159,34520166583345,34520257572967,34520257854132,34520257892880,True,,
I_0133,1883.357,2612.417,309.115,91.311,0.188,0.017,400.64,34528852250176,34528943561088,34528943756013,34528943775292,True,,
I_0134,1241.484,2626.24,305.983,89.797,0.284,0.033,396.108,34536186491908,34536276289239,34536276579526,34536276617411,True,,
I_0135,2047.33,3886.621,310.547,88.718,0.195,0.016,399.484,34546267592355,34546356309989,34546356511820,34546356529612,True,,
I_0136,96.846,2646.007,351.876,90.12,0.226,0.022,442.255,34553107681985,34553197802073,34553198035390,34553198060380,True,,
I_0137,3417.707,4635.682,306.291,89.864,0.227,0.019,396.413,34564402597183,34564492461660,34564492696468,34564492719122,True,,
I_0138,247.248,2629.141,396.863,91.077,0.293,0.036,488.283,34571286545025,34571377621772,34571377923511,34571377964684,True,,
I_0139,1289.829,2621.677,396.852,91.109,0.283,0.044,488.301,34579341570624,34579432679945,34579432972044,34579433020444,True,,
I_0140,612.662,3344.344,443.482,89.911,0.301,0.038,533.745,34587442808812,34587532719988,34587533028524,34587533071667,True,,
I_0141,713.817,2613.31,397.284,90.013,0.326,0.015,487.65,34594732608112,34594822621079,34594822954580,34594822974361,True,,
I_0142,471.764,5914.304,397.59,90.187,0.279,0.034,488.101,34604812446359,34604902633379,34604902919148,34604902957791,True,,
I_0143,545.492,4672.507,488.341,89.334,0.316,0.027,578.028,34613723535343,34613812868949,34613813191389,34613813222635,True,,
I_0144,920.778,2631.543,622.621,90.199,0.208,0.015,713.052,34621192738123,34621282936652,34621283151444,34621283169451,True,,
I_0145,966.881,10685.078,353.035,90.03,0.201,0.016,443.291,34637032695170,34637122725628,34637122933387,34637122951149,True,,
I_0146,580.991,2114.306,355.129,89.422,0.33,0.035,444.931,34643063428761,34643152851178,34643153191001,34643153231364,True,,
I_0147,842.843,4644.805,307.529,89.331,0.364,0.035,397.274,34651837419704,34651926750901,34651927121862,34651927164998,True,,
I_0148,1189.639,2632.04,308.702,88.812,0.198,0.015,397.735,34659172638621,34659261450266,34659261654506,34659261672147,True,,
I_0149,1288.573,4648.515,352.198,90.208,0.277,0.046,442.741,34669297493388,34669387700909,34669387986794,34669388036730,True,,
I_0150,45.72,2650.796,353.048,90.187,0.307,0.014,443.665,34676092665971,34676182853085,34676183266280,34676183283215,True,,
I_0151,105.368,3895.923,353.043,90.082,0.297,0.038,443.473,34683382675202,34683472757607,34683473062232,34683473104840,True,,
I_0152,1466.567,4649.994,352.593,89.885,0.22,0.017,442.729,34693507517238,34693597402624,34693597632191,34693597653110,True,,
I_0153,252.302,2623.027,353.946,90.286,0.243,0.017,444.509,34700257566363,34700347851971,34700348108829,34700348128549,True,,
I_0154,570.052,5410.304,308.691,90.1,0.273,0.035,399.113,34710337443668,34710427543382,34710427823423,34710427866415,True,,
I_0155,1389.625,2655.91,308.806,89.907,0.207,0.016,398.945,34718392620300,34718482527181,34718482740755,34718482758952,True,,
I_0156,1443.855,2647.322,308.986,90.044,0.276,0.039,399.357,34726447481194,34726537524962,34726537807799,34726537851977,True,,
I_0157,890.271,2525.667,309.521,89.91,0.194,0.016,399.649,34733737725435,34733827634960,34733827835117,34733827853708,True,,
I_0158,551.141,7994.976,309.057,89.979,0.284,0.035,399.369,34745887445692,34745977425070,34745977718128,34745977757307,True,,
I_0159,560.299,2002.627,352.232,90.14,0.194,0.015,442.591,34751962542977,34752052682942,34752052883801,34752052901515,True,,
I_0160,558.25,4793.956,307.65,89.715,0.199,0.015,397.588,34760692808444,34760782523149,34760782728351,34760782745855,True,,
I_0161,1794.307,2656.984,262.903,89.013,0.268,0.034,352.229,34768747464949,34768836478425,34768836753351,34768836790950,True,,
I_0162,1116.736,7384.54,353.226,90.407,0.287,0.035,443.966,34780897545829,34780987953300,34780988247544,34780988286172,True,,
I_0163,1249.398,2713.159,302.498,90.347,0.312,0.016,393.184,34788277309865,34788367657338,34788367976240,34788367996843,True,,
I_0164,1304.163,2609.239,306.77,90.202,0.301,0.035,397.321,34796242432148,34796332634610,34796332943219,34796332982651,True,,
I_0165,74.135,2620.203,355.656,89.216,0.2,0.017,445.098,34803083295621,34803172511780,34803172718459,34803172737672,True,,
I_0166,2150.704,4641.848,397.478,89.987,0.286,0.035,487.802,34813207359358,34813297346800,34813297639757,34813297683230,True,,
I_0167,549.163,6602.131,309.67,89.114,0.21,0.02,399.025,34824503224420,34824592338586,34824592556233,34824592578954,True,,
I_0168,301.579,4013.023,308.135,92.758,0.325,0.029,401.26,34832645981918,34832738739702,34832739074092,34832739106948,True,,
I_0169,358.778,4633.743,308.125,90.033,0.216,0.018,398.403,34841332391232,34841422424719,34841422647129,34841422668605,True,,
I_0170,2718.761,3397.041,308.938,90.191,0.285,0.034,399.458,34851457598863,34851547789600,34851548081356,34851548119359,True,,
I_0171,2845.173,3315.507,354.423,90.368,0.199,0.017,445.015,34861537870822,34861628239225,34861628444211,34861628463430,True,,
I_0172,4911.485,5388.765,310.851,89.129,0.204,0.018,400.211,34875623345929,34875712474713,34875712684775,34875712705325,True,,
I_0173,1820.522,8705.862,308.931,90.22,0.197,0.016,399.373,34889842523419,34889932743388,34889932946995,34889932964994,True,,
I_0174,1075.068,7380.968,308.954,90.243,0.283,0.027,399.521,34901812243140,34901902486090,34901902778648,34901902810032,True,,
I_0175,1937.276,2602.444,354.304,89.955,0.208,0.018,444.495,34909912408741,34910002363914,34910002578201,34910002599560,True,,
I_0176,1985.626,3905.709,307.537,90.481,0.191,0.024,398.243,34919227304121,34919317785240,34919317983519,34919318010366,True,,
I_0177,51.585,6693.806,263.716,91.343,0.282,0.035,355.387,34930027311100,34930118653611,34930118943787,34930118982950,True,,
I_0178,141.99,2644.403,352.826,91.39,0.28,0.02,444.532,34936147446160,34936238835702,34936239126836,34936239151424,True,,
I_0179,162.746,5951.851,308.984,90.483,0.387,0.034,399.901,34945462326875,34945552810161,34945553205478,34945553244129,True,,
I_0180,250.853,2625.755,353.409,91.55,0.196,0.015,445.178,34952257493097,34952349042748,34952349244619,34952349262232,True,,
I_0181,2586.333,4655.064,353.724,135.213,0.329,0.027,489.305,34963642438528,34963777651359,34963777987821,34963778019348,True,,
I_0182,404.347,4003.883,351.775,91.425,0.242,0.017,443.467,34971787351667,34971878776276,34971879023944,34971879043111,True,,
I_0183,455.426,2646.107,352.924,90.351,0.295,0.021,443.607,34978492540711,34978582891757,34978583199112,34978583224631,True,,
I_0184,810.962,9400.5,398.856,90.422,0.21,0.017,489.514,34992623474657,34992713896926,34992714113341,34992714132867,True,,
I_0185,923.945,7399.513,306.855,89.027,0.197,0.017,396.105,35004637605686,35004726632908,35004726836061,35004726855246,True,,
I_0186,1007.758,2678.785,308.312,90.619,0.283,0.017,399.243,35012018225489,35012108844541,35012109134881,35012109156794,True,,
I_0187,558.299,2091.778,443.875,91.053,0.275,0.035,535.251,35018137370947,35018228424083,35018228707879,35018228747709,True,,
I_0188,835.046,4649.184,354.724,90.176,0.199,0.017,445.126,35026867356124,35026957532280,35026957738612,35026957758457,True,,
I_0189,1182.105,2683.456,353.74,89.835,0.273,0.035,443.893,35034247596153,35034337431203,35034337710908,35034337749870,True,,
I_0190,1276.282,3356.025,306.971,91.355,0.197,0.015,398.548,35042977552960,35043068908356,35043069112131,35043069129556,True,,
I_0191,1291.987,3427.671,307.805,92.26,0.283,0.036,400.395,35051076376989,35051168636935,35051168926554,35051168967075,True,,
I_0192,1383.88,2662.458,353.946,89.879,0.282,0.038,444.157,35058413500234,35058503379390,35058503668694,35058503710689,True,,
I_0193,155.977,4655.535,306.935,92.037,0.202,0.016,399.198,35067142816353,35067234853534,35067235061491,35067235079419,True,,
I_0194,212.008,2619.493,398.058,91.035,0.283,0.037,489.428,35073262474024,35073353508870,35073353799324,35073353843943,True,,
I_0195,1302.646,6703.262,353.86,91.048,0.314,0.043,445.279,35085367489843,35085458537803,35085458860325,35085458908638,True,,
I_0196,1380.766,2622.049,396.852,91.005,0.265,0.035,488.167,35093422642105,35093513647271,35093513918757,35093513957400,True,,
I_0197,2717.394,6683.75,308.205,90.817,0.276,0.033,399.342,35106742631939,35106833449139,35106833732012,35106833768806,True,,
I_0198,1810.521,2640.51,307.924,89.46,0.214,0.017,397.623,35114797357111,35114886817017,35114887037334,35114887056693,True,,
I_0199,551.019,1919.354,353.639,91.307,0.309,0.019,445.289,35120872476606,35120963783751,35120964100627,35120964126308,True,,
I_0200,645.918,3894.91,353.449,92.065,0.191,0.016,445.73,35128927598497,35129019663477,35129019860324,35129019878725,True,,
I_0201,1982.807,2648.498,352.611,91.199,0.204,0.016,444.039,35137027506572,35137118705313,35137118915986,35137118934421,True,,
I_0202,553.683,2187.816,307.721,90.853,0.307,0.039,398.934,35143057614319,35143148466824,35143148781976,35143148827223,True,,
I_0203,552.823,2189.6,306.726,90.838,0.195,0.016,397.782,35149087916365,35149178753938,35149178955086,35149178972562,True,,
I_0204,570.207,2215.925,353.136,91.139,0.196,0.016,444.495,35155162523738,35155253662575,35155253864523,35155253883146,True,,
I_0205,1188.812,4657.556,352.784,136.166,0.189,0.017,489.165,35165242619083,35165378785437,35165378980869,35165378999866,True,,
I_0206,1278.761,2632.62,397.918,90.869,0.267,0.037,489.105,35173342630079,35173433499308,35173433774343,35173433816838,True,,
I_0207,2066.03,3915.283,398.893,91.323,0.187,0.017,490.427,35183422496217,35183513818926,35183514011587,35183514030844,True,,
I_0208,1416.06,3351.139,352.811,91.575,0.204,0.017,444.615,35192197273376,35192288848608,35192289058132,35192289077234,True,,
I_0209,559.752,2586.778,353.683,137.132,0.188,0.016,491.027,35199532458158,35199669589818,35199669784282,35199669802219,True,,
I_0210,1583.522,2598.039,397.814,91.011,0.273,0.033,489.141,35207587513360,35207678524084,35207678804426,35207678840666,True,,
I_0211,1630.689,7411.3,442.198,91.118,0.187,0.019,533.531,35220502652187,35220593769799,35220593963429,35220593985028,True,,
I_0212,719.204,4764.219,443.261,91.573,0.251,0.018,535.115,35229952888641,35230044461313,35230044721163,35230044742563,True,,
I_0213,528.048,2751.87,848.065,90.99,0.196,0.016,939.276,35237152580503,35237243570343,35237243773519,35237243791515,True,,
I_0214,831.135,3349.993,577.849,91.233,0.265,0.027,669.387,35244802416353,35244893649627,35244893922293,35244893954955,True,,
I_0215,933.32,4687.996,398.903,90.05,0.283,0.018,489.266,35254028524766,35254118574477,35254118867785,35254118887997,True,,
I_0216,560.453,2901.599,397.235,94.019,0.291,0.02,491.579,35260867531641,35260961551010,35260961849906,35260961874992,True,,
I_0217,1045.691,4618.917,444.421,92.252,0.267,0.189,537.142,35270137462667,35270229714729,35270229989623,35270230183489,True,,
I_0218,553.87,2905.479,444.81,91.024,0.281,0.04,536.168,35276932392262,35277023416404,35277023705279,35277023750113,True,,
I_0219,3163.383,3401.874,443.896,91.194,0.285,0.044,535.43,35287057385192,35287148579380,35287148871276,35287148919976,True,,
I_0220,1231.028,4661.944,576.353,91.018,0.366,0.048,667.797,35296507578074,35296598596378,35296598969435,35296599021991,True,,
I_0221,36.738,5989.618,803.298,91.099,0.285,0.036,894.73,35306857823626,35306948922906,35306949215587,35306949255642,True,,
I_0222,129.466,2703.875,351.688,91.264,0.285,0.035,443.283,35313202380693,35313293645035,35313293936687,35313293976335,True,,
I_0223,552.091,8624.335,307.948,90.997,0.196,0.016,399.166,35326522644164,35326613641415,35326613844090,35326613862397,True,,
I_0224,1546.098,6639.317,353.738,91.109,0.193,0.016,445.067,35338582392348,35338673501662,35338673702417,35338673721353,True,,
I_0225,391.331,3925.236,308.406,90.087,0.273,0.035,398.812,35346638389414,35346728476292,35346728756794,35346728795289,True,,
I_0226,444.324,6661.548,353.207,91.01,0.203,0.016,444.447,35357482518632,35357573528239,35357573738420,35357573757773,True,,
I_0227,781.692,3353.674,355.334,90.063,0.201,0.017,445.624,35365538857339,35365628920563,35365629128303,35365629147911,True,,
I_0228,881.876,2624.493,307.092,91.314,0.273,0.034,398.725,35372827444240,35372918758681,35372919039411,35372919076866,True,,
I_0229,645.917,2635.335,353.071,93.091,0.199,0.015,446.383,35379667632641,35379760723732,35379760928874,35379760945418,True,,
I_0230,5039.727,2649.635,309.044,91.11,0.268,0.036,400.469,35391007451775,35391098562019,35391098837236,35391098876710,True,,
I_0231,547.76,2867.26,307.216,93.079,0.194,0.017,400.515,35397756442115,35397849520962,35397849721425,35397849741205,True,,
I_0232,1882.88,3918.134,353.142,91.119,0.281,0.039,444.594,35407162414981,35407253534192,35407253823063,35407253866914,True,,
I_0233,1925.187,2618.173,351.782,91.449,0.206,0.017,443.464,35415937367027,35416028816315,35416029029026,35416029048996,True,,
I_0234,2028.019,4628.038,354.12,91.241,0.188,0.016,445.572,35426017397283,35426108637827,35426108831741,35426108850056,True,,
I_0235,44.426,3911.167,309.215,90.042,0.201,0.017,399.483,35433308665096,35433398707033,35433398914279,35433398933221,True,,
I_0236,1387.06,4683.557,308.977,90.04,0.198,0.015,399.239,35443433516327,35443523555966,35443523760388,35443523778431,True,,
I_0237,191.257,3945.614,307.233,91.179,0.202,0.016,398.638,35451487414545,35451578593275,35451578801160,35451578819443,True,,
I_0238,295.826,2626.095,352.204,91.132,0.198,0.015,443.558,35458282590567,35458373722642,35458373926991,35458373944711,True,,
I_0239,611.803,2667.126,354.552,91.358,0.28,0.042,446.244,35465662386989,35465753744806,35465754032095,35465754078658,True,,
I_0240,367.167,2691.279,306.53,90.005,0.234,0.021,396.8,35472413855267,35472503859933,35472504100128,35472504124365,True,,
I_0241,1455.751,5920.039,309.398,89.506,0.223,0.019,399.156,35483708920798,35483798427200,35483798656927,35483798679033,True,,
I_0242,2523.342,4672.464,307.828,91.02,0.199,0.017,399.073,35494552538530,35494643558306,35494643764308,35494643783972,True,,
I_0243,891.607,2615.187,351.728,91.206,0.194,0.017,443.155,35501887506492,35501978712847,35501978914473,35501978933596,True,,
I_0244,552.854,2771.566,309.771,135.942,0.202,0.019,445.947,35508683387868,35508819329490,35508819538024,35508819564190,True,,
I_0245,1003.651,4707.804,307.1,91.002,0.211,0.015,398.336,35518042664202,35518133666173,35518133883466,35518133900015,True,,
I_0246,2118.587,3434.099,535.318,90.872,6.731,0.019,632.952,35537033560718,35537124432233,35537131170673,35537131193995,True,,
I_0247,322.568,6759.716,625.035,90.261,9.142,0.02,724.471,35639229258600,35639319519735,35639328669963,35639328694804,True,,
I_0248,571.297,4284.655,308.152,91.269,0.212,0.017,399.659,35648184311320,35648275580454,35648275798821,35648275818453,True,,
I_0249,1269.505,2776.266,353.382,90.966,0.205,0.017,444.579,35656419620067,35656510586246,35656510798359,35656510817299,True,,
I_0250,32.045,4064.144,258.314,91.218,0.218,0.016,349.776,35664384684878,35664475902895,35664476128282,35664476146797,True,,
I_0251,509.772,3220.91,353.289,92.13,0.198,0.016,445.643,35672124365749,35672216496232,35672216700740,35672216719359,True,,
I_0252,551.248,4528.432,354.784,91.088,0.252,0.018,446.151,35680449689104,35680540777022,35680541034945,35680541056031,True,,
I_0253,3123.183,3171.855,398.415,91.97,0.195,0.018,490.607,35690709398968,35690801368566,35690801569211,35690801590648,True,,
I_0254,574.692,4415.298,355.57,90.126,0.274,0.035,446.017,35699350487028,35699440613129,35699440895129,35699440933630,True,,
I_0255,1839.237,4457.685,307.97,90.917,0.274,0.035,399.207,35709654592751,35709745509621,35709745790601,35709745830006,True,,
I_0256,3132.144,3164.082,308.915,91.216,0.266,0.033,400.441,35719644347471,35719735563828,35719735837187,35719735873864,True,,
I_0257,551.495,3270.203,307.305,91.203,0.204,0.017,398.738,35727159461899,35727250665082,35727250875681,35727250894354,True,,
I_0258,549.077,7051.914,308.897,89.156,0.285,0.035,398.386,35738949406162,35739038562245,35739038854860,35739038894717,True,,
I_0259,554.487,4524.788,309.763,136.268,0.2,0.017,446.258,35747409464535,35747545732773,35747545939272,35747545958709,True,,
I_0260,1836.987,3153.795,353.554,90.861,0.283,0.034,444.745,35756364664048,35756455525508,35756455816577,35756455855028,True,,
I_0261,561.661,4473.44,353.709,92.667,0.203,0.016,446.604,35765409252631,35765501920086,35765502128655,35765502147405,True,,
I_0262,549.795,10964.872,309.266,90.026,0.289,0.036,399.628,35780844586992,35780934612652,35780934909459,35780934949674,True,,
I_0263,3116.047,5790.316,307.856,90.26,0.297,0.036,398.461,35793264724218,35793354983881,35793355288432,35793355328614,True,,
I_0264,549.534,5790.122,309.287,91.195,0.206,0.016,400.711,35803659697457,35803750892268,35803751104394,35803751122063,True,,
I_0265,560.637,3213.804,308.817,91.237,0.263,0.034,400.363,35811129422439,35811220658977,35811220930823,35811220968400,True,,
I_0266,925.892,6756.521,533.002,90.177,6.741,0.02,629.953,35828769393258,35828859570662,35828866318203,35828866344552,True,,
I_0267,822.355,2728.9,354.086,91.3,0.317,0.035,445.75,35835924599567,35836015899113,35836016223515,35836016263367,True,,
I_0268,568.803,5952.547,353.688,90.985,0.215,0.017,444.915,35845914443287,35846005428112,35846005650937,35846005670716,True,,
I_0269,670.264,5940.687,308.252,89.135,0.219,0.017,397.633,35855949659833,35856038794932,35856039021241,35856039040717,True,,
I_0270,2040.655,3355.852,307.535,91.033,0.203,0.016,398.797,35864724576437,35864815609627,35864815819560,35864815837608,True,,
I_0271,1843.982,4722.381,262.573,92.16,0.264,0.033,355.041,35874849338575,35874941498363,35874941769846,35874941807223,True,,
I_0272,1205.32,2618.798,395.899,90.371,0.273,0.042,486.595,35882230319702,35882320690253,35882320970634,35882321016214,True,,
I_0273,1252.344,2613.424,398.418,91.26,0.204,0.017,489.906,35890284557234,35890375816924,35890376027224,35890376045924,True,,
I_0274,18.795,3936.059,399.113,90.109,0.204,0.015,489.45,35898384603417,35898474712762,35898474922744,35898474940366,True,,
I_0275,74.543,2623.531,440.228,91.232,0.302,0.015,531.789,35905179418350,35905270650549,35905270959434,35905270979157,True,,
I_0276,553.145,3267.946,353.726,90.845,0.27,0.035,444.887,35913189689404,35913280534212,35913280810969,35913280850291,True,,
I_0277,1221.856,2688.953,398.207,90.11,0.277,0.035,488.639,35921334305987,35921424415627,35921424699898,35921424738544,True,,
I_0278,2560.42,4636.946,487.297,91.055,0.271,0.034,578.667,35932719587644,35932810642412,35932810920096,35932810957375,True,,
I_0279,376.035,2635.498,892.982,90.058,0.232,0.018,983.299,35939919561294,35940009619440,35940009857767,35940009878585,True,,
I_0280,683.947,3364.18,441.917,91.075,0.28,0.037,533.32,35947524569090,35947615643723,35947615930421,35947615971407,True,,
I_0281,735.517,2636.121,308.627,92.013,0.312,0.038,401.006,35954724493123,35954816506279,35954816828635,35954816871609,True,,
I_0282,1826.263,3344.485,307.918,91.112,0.217,0.017,399.275,35963499711429,35963590823007,35963591048816,35963591068331,True,,
I_0283,1626.414,2647.301,351.135,90.411,0.328,0.044,441.932,35971644351384,35971734762343,35971735097235,35971735147863,True,,
I_0284,1682.144,2680.143,306.808,92.196,0.203,0.016,399.232,35979699438725,35979791634695,35979791844101,35979791862974,True,,
I_0285,1736.015,4694.941,308.527,91.435,0.208,0.016,400.194,35989779409330,35989870843863,35989871057570,35989871075939,True,,
I_0286,1086.13,5388.912,353.859,91.243,0.271,0.034,445.418,35999859416745,35999950659319,35999950937628,35999950975150,True,,
I_0287,1181.132,2639.746,353.436,91.086,0.266,0.033,444.832,36007194567020,36007285653401,36007285926273,36007285963097,True,,
I_0288,1232.774,2631.402,309.326,91.096,0.199,0.018,400.648,36015204273056,36015295368677,36015295574256,36015295595386,True,,
I_0289,1287.952,4647.671,306.944,92.645,0.213,0.018,399.83,36025282990511,36025375635814,36025375855893,36025375875949,True,,
I_0290,93.383,5931.972,308.653,90.982,0.198,0.015,399.856,36035364756562,36035455739020,36035455942792,36035455959808,True,,
I_0291,186.676,4670.173,262.774,91.158,0.288,0.035,354.267,36044139656632,36044230815076,36044231110850,36044231150194,True,,
I_0292,1526.277,2610.997,308.013,91.083,0.287,0.036,399.431,36051474556096,36051565639303,36051565933827,36051565974026,True,,
I_0293,2315.174,3891.077,308.685,90.809,0.198,0.017,399.719,36061554714935,36061645523683,36061645730071,36061645749253,True,,
I_0294,386.917,6674.82,308.466,91.165,0.289,0.04,399.972,36072399446446,36072490611050,36072490906990,36072490952192,True,,
I_0295,766.884,3370.411,307.303,89.044,0.3,0.035,396.706,36080454468044,36080543512047,36080543819364,36080543871469,True,,
I_0296,819.044,2640.944,309.138,89.073,0.288,0.035,398.545,36087789507690,36087878580755,36087878876059,36087878915248,True,,
I_0297,560.25,4071.555,308.2,90.13,0.284,0.043,398.668,36095979434041,36096069563975,36096069855204,36096069902763,True,,
I_0298,684.238,2641.851,309.096,90.176,0.3,0.023,399.608,36102639393147,36102729568753,36102729877167,36102729905736,True,,
I_0299,996.918,3363.092,309.194,91.062,0.273,0.035,400.576,36110694490597,36110785552936,36110785833466,36110785872787,True,,
I_0300,1043.031,3366.082,350.355,90.893,0.196,0.016,441.468,36118794790931,36118885683789,36118885886671,36118885904728,True,,
I_0301,1785.073,2621.217,397.811,91.171,0.193,0.017,489.202,36126894671672,36126985842215,36126986043535,36126986062901,True,,
I_0302,1201.145,2619.155,306.729,91.704,0.201,0.015,398.66,36134137943947,36134229648307,36134229856183,36134229874263,True,,
I_0303,2241.397,3380.256,352.238,90.14,0.285,0.159,442.833,36143004606272,36143094746303,36143095038210,36143095202041,True,,
I_0304,18.44,4657.224,398.019,91.163,0.179,0.024,489.394,36151104647209,36151195810024,36151195994705,36151196021511,True,,
I_0305,71.309,5954.361,400.074,90.077,0.303,0.041,490.507,36160465318323,36160555395356,36160555706131,36160555751055,True,,
I_0306,1456.385,2633.604,400.422,89.971,0.268,0.033,490.705,36168519696273,36168609666814,36168609941196,36168609979346,True,,
I_0307,235.374,4621.823,397.85,90.005,0.203,0.016,488.083,36177294505123,36177384510043,36177384718995,36177384737666,True,,
I_0308,1301.619,3914.632,397.932,91.413,0.273,0.034,489.664,36186654259916,36186745673257,36186745953335,36186745991729,True,,
I_0309,1602.084,5415.911,352.229,90.038,0.287,0.035,442.601,36197454493577,36197544531082,36197544825516,36197544865262,True,,
I_0310,775.75,2595.629,623.177,90.241,0.193,0.026,713.645,36205014553141,36205104794558,36205104993448,36205105021694,True,,
I_0311,506.176,6690.141,712.928,89.955,0.193,0.017,803.103,36215949454427,36216039409922,36216039610013,36216039629554,True,,
I_0312,2909.668,4646.441,354.99,89.56,0.287,0.035,444.883,36226930382478,36227019942802,36227020236522,36227020275461,True,,
I_0313,565.293,1996.565,352.66,89.647,0.193,0.02,442.528,36232959809351,36233049455866,36233049654752,36233049677482,True,,
I_0314,741.641,2629.222,307.847,90.177,0.292,0.18,398.508,36239709543567,36239799720916,36239800020007,36239800204231,True,,
I_0315,1056.363,3349.026,353.905,90.213,0.269,0.047,444.445,36247809475490,36247899688141,36247899964951,36247900016142,True,,
I_0316,1896.238,3903.591,354.956,90.057,0.189,0.016,445.226,36257170465564,36257260522201,36257260716800,36257260735742,True,,
I_0317,1216.918,2649.031,307.787,91.326,0.192,0.015,399.329,36265224341498,36265315667844,36265315866287,36265315883707,True,,
I_0318,1299.874,2613.065,352.127,89.788,0.196,0.017,442.138,36273279663155,36273369451544,36273369653894,36273369674005,True,,
I_0319,63.801,2633.696,306.916,91.33,0.36,0.042,398.66,36280029467212,36280120796977,36280121163549,36280121211146,True,,
I_0320,2152.145,2613.652,398.228,90.906,0.262,0.032,489.44,36288174673226,36288265579401,36288265848640,36288265884542,True,,
I_0321,556.386,2544.271,353.662,91.094,0.194,0.016,444.976,36295464679540,36295555773119,36295555975398,36295555993807,True,,
I_0322,236.339,2641.005,352.897,91.067,0.283,0.18,444.437,36302259704666,36302350771791,36302351060709,36302351245379,True,,
I_0323,2581.298,3355.112,398.315,90.72,0.283,0.035,489.363,36312384941934,36312475661655,36312475951499,36312475990358,True,,
I_0324,657.299,3343.873,353.045,89.972,0.184,0.018,443.229,36320394637890,36320484609527,36320484800054,36320484821384,True,,
I_0325,695.14,5377.304,396.247,90.311,0.276,0.035,486.88,36330519325523,36330609636389,36330609919443,36330609958821,True,,
I_0326,781.124,2635.473,352.654,90.201,0.379,0.015,443.263,36337809458723,36337899659849,36337900046359,36337900067692,True,,
I_0327,576.981,3919.567,307.835,91.007,0.235,0.016,399.105,36345819584349,36345910591077,36345910834162,36345910854726,True,,
I_0328,648.288,4668.865,387.093,90.205,0.274,0.032,477.614,36354729746357,36354819950917,36354820231803,36354820267848,True,,
I_0329,994.136,2603.299,351.295,90.242,0.254,0.017,441.817,36361974574082,36362064816488,36362065076436,36362065096231,True,,
I_0330,551.218,2237.518,305.128,90.886,0.214,0.015,396.252,36368139767373,36368230653359,36368230874101,36368230891552,True,,
I_0331,552.458,2909.192,305.569,93.572,0.197,0.016,399.362,36374798064847,36374891636606,36374891839512,36374891858027,True,,
I_0332,1174.396,2647.623,352.22,90.847,0.354,0.033,443.466,36382179706938,36382270554431,36382270915744,36382270952274,True,,
I_0333,1966.774,2666.342,306.201,91.157,0.277,0.035,397.683,36390954245123,36391045402013,36391045687237,36391045727062,True,,
I_0334,3298.124,3404.397,352.697,91.24,0.297,0.053,444.299,36401079473390,36401170713688,36401171017993,36401171074990,True,,
I_0335,80.809,2617.488,351.226,91.078,0.265,0.035,442.615,36407064543948,36407155622105,36407155893572,36407155932563,True,,
I_0336,120.445,2621.843,353.141,88.993,0.206,0.016,442.365,36413140834476,36413229827291,36413230039047,36413230057853,True,,
I_0337,166.718,5907.103,396.734,90.134,0.292,0.037,487.208,36422499833564,36422589967464,36422590265984,36422590307753,True,,
I_0338,253.67,2621.927,398.233,90.749,0.192,0.015,489.195,36429294807193,36429385556062,36429385752676,36429385769588,True,,
I_0339,568.201,3342.029,399.336,90.904,0.225,0.016,490.491,36437349879000,36437440782626,36437441014567,36437441033987,True,,
I_0340,1355.157,3906.143,397.81,89.941,0.198,0.016,487.974,36446709646064,36446799586719,36446799791762,36446799810138,True,,
I_0341,416.708,2683.577,984.163,91.03,0.201,0.016,1075.419,36454134781416,36454225811109,36454226018028,36454226036766,True,,
I_0342,1509.387,2627.227,352.409,90.041,0.266,0.032,442.759,36461514488320,36461604529541,36461604802415,36461604838184,True,,
I_0343,831.674,2675.836,351.916,90.845,0.189,0.015,442.973,36468894730369,36468985575727,36468985770661,36468985787423,True,,
I_0344,568.428,1948.71,351.613,90.33,0.275,0.037,442.265,36474879345819,36474969675776,36474969957512,36474969998097,True,,
I_0345,548.905,2056.155,263.359,90.11,0.261,0.032,353.774,36480909446134,36480999556548,36480999825398,36480999861698,True,,
I_0346,723.492,2602.915,353.096,92.063,0.193,0.016,445.376,36487704645556,36487796708379,36487796907382,36487796926001,True,,
I_0347,1028.918,2612.585,350.571,91.483,0.351,0.015,442.433,36495037967612,36495129450642,36495129809024,36495129829513,True,,
I_0348,577.877,2162.4,354.672,90.153,0.319,0.017,445.172,36501114392506,36501204545142,36501204871167,36501204892411,True,,
I_0349,551.18,4216.303,352.209,90.082,0.315,0.048,442.667,36509169672087,36509259754426,36509260076057,36509260130610,True,,
I_0350,1221.26,3319.829,353.462,90.94,0.214,0.016,444.64,36517944713520,36518035653844,36518035873762,36518035891823,True,,
I_0351,1297.32,3379.31,353.852,90.79,0.29,0.112,445.056,36526044791498,36526135581620,36526135879812,36526135995961,True,,
I_0352,60.127,3899.156,305.571,91.343,0.277,0.051,397.253,36533289334727,36533380677923,36533380961525,36533381016815,True,,
I_0353,1409.27,4663.239,306.642,89.058,0.265,0.037,396.016,36543414375593,36543503433620,36543503707153,36543503749056,True,,
I_0354,224.46,3912.977,352.097,133.983,0.286,0.225,486.602,36551514768488,36551648751472,36551649045140,36551649274085,True,,
I_0355,2284.902,2660.906,308.611,89.828,0.23,0.015,398.693,36560289779012,36560379606696,36560379842941,36560379860332,True,,
I_0356,625.571,4635.806,352.866,91.122,0.27,0.036,444.304,36569649551419,36569740673731,36569740950417,36569740990067,True,,
I_0357,429.738,2627.581,306.882,90.275,0.201,0.017,397.382,36576399629043,36576489903626,36576490110639,36576490129105,True,,
I_0358,767.817,3368.007,353.596,91.147,0.198,0.016,444.965,36584499766551,36584590913431,36584591117647,36584591135518,True,,
I_0359,2839.433,2600.761,353.996,89.202,0.262,0.035,443.507,36593815242423,36593904444856,36593904714489,36593904752932,True,,
I_0360,617.059,2663.235,308.676,91.331,0.221,0.015,400.251,36600609592274,36600700922951,36600701149778,36600701167523,True,,
I_0361,961.884,2590.034,306.029,92.395,0.203,0.014,398.65,36607898234372,36607990629124,36607990838546,36607990854749,True,,
I_0362,566.263,2040.84,306.025,93.437,0.191,0.016,399.678,36613928195792,36614021633241,36614021829830,36614021848247,True,,
I_0363,555.738,2772.587,351.793,91.189,0.2,0.016,443.207,36620769490339,36620860679447,36620860885356,36620860903809,True,,
I_0364,1843.721,2607.498,308.287,91.089,0.28,0.048,399.717,36628779601727,36628870691145,36628870977784,36628871031100,True,,
I_0365,1160.223,5406.733,307.55,91.952,0.191,0.016,399.718,36638904650128,36638996602613,36638996800867,36638996818465,True,,
I_0366,1252.336,2611.806,310.395,90.895,0.189,0.027,401.514,36646194906801,36646285802299,36646285997272,36646286025657,True,,
I_0367,1309.173,2600.477,354.732,91.164,0.204,0.017,446.125,36654294636013,36654385799526,36654386009687,36654386028575,True,,
I_0368,87.666,3914.059,352.501,90.891,0.268,0.033,443.705,36662394645865,36662485536660,36662485811674,36662485849027,True,,
I_0369,189.213,2642.871,307.206,89.381,0.203,0.016,396.815,36669144500298,36669233881457,36669234090934,36669234109259,True,,
I_0370,190.171,5971.178,262.942,91.017,0.269,0.035,354.274,36678459649047,36678550666392,36678550942351,36678550980727,True,,
I_0371,294.561,3933.351,306.29,91.443,0.194,0.015,397.95,36686559322780,36686650765680,36686650965950,36686650982968,True,,
I_0372,341.394,2625.169,307.328,91.066,0.194,0.017,398.612,36693309625986,36693400691647,36693400891422,36693400910922,True,,
I_0373,725.658,2600.896,307.687,91.195,0.276,0.035,399.204,36700644422329,36700735616927,36700735899744,36700735939456,True,,
I_0374,2473.036,5938.299,308.005,90.389,0.291,0.035,398.731,36712750385077,36712840773859,36712841071749,36712841110551,True,,
I_0375,545.571,2601.572,306.093,92.066,0.259,0.035,398.463,36719498500635,36719590567067,36719590833051,36719590871476,True,,
I_0376,907.457,2598.675,352.612,91.698,0.195,0.016,444.533,36726879833711,36726971532121,36726971735934,36726971755091,True,,
I_0377,653.876,3886.444,353.917,91.37,0.22,0.016,445.531,36734934586604,36735025956305,36735026182860,36735026200768,True,,
I_0378,762.138,2609.044,353.308,90.84,0.274,0.04,444.475,36741729685351,36741820525652,36741820807352,36741820852108,True,,
I_0379,1065.82,3339.075,354.268,91.321,0.198,0.015,445.812,36749784387618,36749875708960,36749875914359,36749875931251,True,,
I_0380,1141.651,2589.582,308.057,90.927,0.268,0.033,399.297,36757074756582,36757165683950,36757165959606,36757165996685,True,,
I_0381,548.277,2283.266,352.951,92.166,0.247,0.015,445.389,36763194813999,36763286979905,36763287233411,36763287251202,True,,
I_0382,1234.52,2633.021,306.711,91.01,0.267,0.035,398.033,36771204654550,36771295664498,36771295938173,36771295977044,True,,
I_0383,2026.865,2605.018,352.294,91.187,0.501,0.027,444.027,36780024619791,36780115806639,36780116315371,36780116352140,True,,
I_0384,3424.734,5346.532,308.483,90.072,0.283,0.034,398.883,36792085596168,36792175668319,36792175957772,36792175996091,True,,
I_0385,181.402,4629.86,353.127,90.841,0.269,0.033,444.28,36800184698412,36800275539080,36800275814963,36800275851458,True,,
I_0386,567.529,2623.208,397.869,91.121,0.236,0.021,489.257,36807609544485,36807700665822,36807700908429,36807700932747,True,,
I_0387,323.56,3902.99,488.706,90.251,0.218,0.017,579.199,36815755655507,36815845906031,36815846130196,36815846148824,True,,
I_0388,1663.318,2697.741,352.68,136.036,0.208,0.015,488.946,36823764908853,36823900944666,36823901158290,36823901175183,True,,
I_0389,1760.053,3409.426,398.761,91.36,0.212,0.017,490.36,36832584447452,36832675807170,36832676026198,36832676045780,True,,
I_0390,856.9,2604.404,397.942,92.191,0.201,0.018,490.37,36839874600936,36839966792406,36839966999842,36839967028896,True,,
I_0391,554.009,4661.377,397.964,90.942,0.265,0.035,489.216,36848649555651,36848740497186,36848740768638,36848740807561,True,,
I_0392,930.474,3340.851,937.855,91.011,0.208,0.017,1029.099,36857244833640,36857335844835,36857336059214,36857336077893,True,,
I_0393,555.209,2051.118,352.756,90.972,0.268,0.039,444.045,36863994641236,36864085613170,36864085887333,36864085930724,True,,
I_0394,794.861,3927.085,351.949,91.297,0.215,0.016,443.485,36872094543588,36872185840135,36872186062108,36872186080117,True,,
I_0395,569.195,2172.535,352.225,91.381,0.231,0.017,443.864,36878124588354,36878215968998,36878216206383,36878216227249,True,,
I_0396,910.725,4620.841,307.536,90.93,0.21,0.018,398.706,36886854800259,36886945730640,36886945949078,36886945969489,True,,
I_0397,3277.785,3334.062,397.526,90.99,0.196,0.015,488.735,36897024688529,36897115678237,36897115880238,36897115897775,True,,
I_0398,76.52,2618.19,446.257,88.658,0.183,0.015,535.122,36903146910338,36903235568393,36903235757867,36903235775427,True,,
I_0399,75.189,3926.224,397.601,90.922,0.196,0.016,488.743,36910434656540,36910525578585,36910525780540,36910525798588,True,,
I_0400,215.718,2616.271,397.076,91.12,0.256,0.035,488.498,36917274456294,36917365575863,36917365839151,36917365878185,True,,
I_0401,2503.322,2713.08,397.974,91.08,0.196,0.016,489.275,36926634691213,36926725771628,36926725974430,36926725992342,True,,
I_0402,292.008,4743.129,757.986,91.11,0.303,0.042,849.454,36935814313960,36935905423765,36935905735050,36935905782161,True,,
I_0403,610.312,2671.265,352.795,91.048,0.274,0.036,444.164,36942699606674,36942790655056,36942790935666,36942790975354,True,,
I_0404,1746.008,3291.211,443.258,89.941,0.261,0.034,533.505,36951520666086,36951610607166,36951610874856,36951610912455,True,,
I_0405,743.57,2627.599,398.541,89.993,0.199,0.019,488.759,36958810902291,36958900894797,36958901099670,36958901120540,True,,
I_0406,561.727,3890.175,396.137,90.961,0.259,0.034,487.403,36966864506241,36966955467461,36966955733329,36966955771387,True,,
I_0407,3930.129,3312.273,351.544,92.272,0.271,0.035,444.133,36977619358305,36977711629906,36977711907976,36977711946947,True,,
I_0408,960.108,2592.109,308.055,91.08,0.28,0.036,399.463,36984910766678,36985001846927,36985002134042,36985002174465,True,,
I_0409,762.279,2744.218,397.903,135.951,0.282,0.039,534.188,36991929703291,36992065654737,36992065944499,36992065988370,True,,
I_0410,1063.958,2669.162,351.201,90.894,0.299,0.04,442.446,36999129662331,36999220556307,36999220862694,36999220907549,True,,
I_0411,516.437,2182.009,396.154,90.972,0.194,0.017,487.349,37005160383062,37005251355078,37005251557369,37005251577811,True,,
I_0412,1195.465,2590.457,299.493,90.139,0.206,0.017,389.863,37013125689173,37013215827898,37013216040111,37013216059253,True,,
I_0413,986.473,4644.834,346.84,87.316,0.271,0.037,434.475,37021993354625,37022080670157,37022080948702,37022080989963,True,,
I_0414,36.989,8027.061,340.911,88.873,0.199,0.016,430.008,37033420815465,37033509688716,37033509894615,37033509912382,True,,
I_0415,132.186,2619.202,342.615,90.152,0.289,0.035,433.104,37040125375835,37040215527423,37040215824361,37040215864594,True,,
I_0416,2172.771,3943.779,352.65,90.062,0.268,0.033,443.023,37049530614682,37049620676653,37049620951233,37049620987777,True,,
I_0417,244.404,2675.67,354.016,90.301,0.308,0.037,444.675,37056325453029,37056415754009,37056416069223,37056416111696,True,,
I_0418,590.023,2736.232,352.6,89.846,0.282,0.039,442.779,37063705701202,37063795547377,37063795836561,37063795880159,True,,
I_0419,356.354,2699.228,354.741,89.646,0.196,0.017,444.608,37070456845395,37070546491090,37070546692647,37070546712545,True,,
I_0420,707.243,5407.998,308.614,91.116,0.191,0.016,399.946,37080445541017,37080536657180,37080536854672,37080536872505,True,,
I_0421,794.231,3342.167,352.761,90.187,0.196,0.016,443.169,37088500786830,37088590974290,37088591175738,37088591194434,True,,
I_0422,853.85,5353.212,353.256,90.16,0.191,0.016,443.633,37098580671931,37098670832303,37098671030503,37098671048879,True,,
I_0423,939.407,4637.517,352.956,89.996,0.263,0.034,443.26,37107940608378,37108030604313,37108030873800,37108030911769,True,,
I_0424,741.751,2675.956,306.756,90.191,0.295,0.038,397.293,37114735288650,37114825479952,37114825782432,37114825826376,True,,
I_0425,1055.51,3351.182,352.883,90.216,0.242,0.022,443.374,37122790485149,37122880701033,37122880950809,37122880976226,True,,
I_0426,1841.272,4681.124,307.492,91.135,0.237,0.021,398.896,37132870247242,37132961382258,37132961627238,37132961651165,True,,
I_0427,1198.627,2622.428,353.621,90.041,0.282,0.035,443.99,37140205856219,37140295897245,37140296186347,37140296225392,True,,
I_0428,1249.447,2617.966,352.64,90.265,0.203,0.015,443.132,37148260390952,37148350656372,37148350865770,37148350883004,True,,
I_0429,70.736,5910.814,352.856,90.022,0.513,0.086,443.504,37158340654369,37158430676667,37158431196648,37158431302048,True,,
I_0430,116.48,4650.4,307.455,90.305,0.348,0.015,398.136,37167115567894,37167205873385,37167206228556,37167206248862,True,,
I_0431,1496.074,2595.492,352.426,90.545,0.217,0.019,443.217,37174450283393,37174540828885,37174541052284,37174541074717,True,,
I_0432,1557.612,4648.485,353.876,89.251,0.207,0.021,443.365,37184576564913,37184665816351,37184666030077,37184666053929,True,,
I_0433,1658.14,4638.76,306.155,91.828,0.199,0.017,398.206,37194608767181,37194700594741,37194700800051,37194700818805,True,,
I_0434,399.684,2611.141,353.223,90.249,0.192,0.016,443.688,37201405511350,37201495760015,37201495958655,37201495976177,True,,
I_0435,1500.136,5921.557,308.058,89.096,0.203,0.016,397.38,37212746547485,37212835643105,37212835851827,37212835869591,True,,
I_0436,2593.425,2577.01,309.08,89.848,0.198,0.016,399.152,37221520610239,37221610458088,37221610662914,37221610681603,True,,
I_0437,885.769,3343.131,351.064,89.966,0.269,0.035,441.346,37229620618666,37229710584676,37229710860925,37229710900589,True,,
I_0438,938.621,2610.92,310.715,89.142,0.284,0.043,400.195,37236911354697,37237000496967,37237000788271,37237000834925,True,,
I_0439,558.085,2094.586,396.702,90.089,0.271,0.035,487.107,37243075568683,37243165657766,37243165935745,37243165974470,True,,
I_0440,557.286,2858.463,308.407,91.227,0.216,0.015,399.872,37249735416851,37249826643498,37249826865639,37249826881854,True,,
I_0441,1122.261,3374.274,353.591,91.079,0.276,0.035,444.992,37257880542451,37257971621028,37257971904098,37257971943523,True,,
I_0442,1917.163,2625.999,397.191,135.127,0.189,0.017,532.531,37265980547182,37266115673778,37266115868537,37266115887998,True,,
I_0443,1280.034,2630.825,398.28,90.248,0.392,0.047,488.981,37273315490030,37273405738230,37273406137747,37273406191650,True,,
I_0444,1339.671,4642.576,396.865,89.999,0.262,0.033,487.17,37283395545260,37283485543815,37283485813454,37283485850637,True,,
I_0445,132.679,2607.696,488.298,91.471,0.226,0.016,580.019,37290235374744,37290326845993,37290327078219,37290327096468,True,,
I_0446,1180.29,2641.699,397.515,90.136,0.206,0.015,487.883,37298245784785,37298335921092,37298336135347,37298336152474,True,,
I_0447,581.937,3327.476,399.345,91.082,0.21,0.017,490.663,37306345644431,37306436726883,37306436943660,37306436962862,True,,
I_0448,553.975,2637.263,397.9,90.852,0.298,0.037,489.1,37313635734913,37313726587070,37313726893553,37313726935145,True,,
I_0449,363.504,3908.323,847.318,90.154,0.276,0.077,937.867,37322140561833,37322230716070,37322230999816,37322231110753,True,,
I_0450,418.037,3898.49,397.647,89.879,0.269,0.034,487.841,37329745588295,37329835467144,37329835744040,37329835782354,True,,
I_0451,476.257,5912.297,306.989,91.195,0.205,0.015,398.413,37339735746370,37339826941648,37339827153107,37339827170695,True,,
I_0452,1843.496,3372.922,307.937,91.129,0.279,0.039,399.394,37348555638147,37348646766775,37348647052075,37348647095603,True,,
I_0453,990.569,4540.96,353.059,91.101,0.263,0.015,444.449,37357915870728,37358006971653,37358007242378,37358007260392,True,,
I_0454,594.879,2056.603,398.188,90.768,0.184,0.015,489.163,37364080888299,37364171655923,37364171846522,37364171863451,True,,
I_0455,571.221,4150.417,352.672,91.049,0.269,0.033,444.033,37372090586994,37372181635748,37372181911898,37372181948418,True,,
I_0456,596.614,4124.075,353.535,90.969,0.2,0.016,444.728,37380100749643,37380191718539,37380191924800,37380191943245,True,,
I_0457,2161.047,2607.03,351.481,91.332,0.311,0.066,443.203,37388155392195,37388246723727,37388247041268,37388247114103,True,,
I_0458,550.253,2282.027,306.942,90.884,0.199,0.017,398.049,37394185708057,37394276591773,37394276797044,37394276815911,True,,
I_0459,1337.352,3338.462,307.67,91.273,0.193,0.016,399.163,37403005346309,37403096619141,37403096819853,37403096839277,True,,
I_0460,51.676,3905.849,306.79,91.304,0.207,0.017,398.328,37410295565448,37410386869154,37410387083778,37410387103407,True,,
I_0461,1399.659,2691.184,307.776,92.313,0.283,0.034,400.417,37418440476435,37418532789822,37418533079644,37418533117297,True,,
I_0462,2228.448,4653.075,307.609,91.253,0.278,0.038,399.189,37429195376844,37429286629425,37429286914835,37429286957558,True,,
I_0463,569.543,4602.371,352.569,91.016,0.208,0.017,443.825,37438555809929,37438646825633,37438647041125,37438647065453,True,,
I_0464,341.826,4649.45,352.728,91.211,0.277,0.035,444.262,37447375437568,37447466648889,37447466932871,37447466971494,True,,
I_0465,701.35,2624.831,308.981,91.093,0.199,0.015,400.297,37454665458154,37454756551209,37454756756623,37454756773909,True,,
I_0466,545.986,2557.001,307.411,91.061,0.19,0.027,398.697,37461415730592,37461506791263,37461506987746,37461507016471,True,,
I_0467,3555.553,3911.144,353.355,90.736,0.187,0.015,444.3,37472845853047,37472936588970,37472936781748,37472936798636,True,,
I_0468,557.187,1959.156,352.97,91.184,0.196,0.016,444.373,37478875565376,37478966749076,37478966950444,37478966968378,True,,
I_0469,660.358,5906.44,307.483,90.88,0.195,0.015,398.584,37488910782904,37489001663192,37489001866163,37489001884212,True,,
I_0470,757.683,2613.347,308.397,90.106,0.308,0.015,398.838,37495706285972,37495796391673,37495796707232,37495796727136,True,,
I_0471,1073.579,2656.861,308.549,89.621,0.276,0.034,398.49,37503085660254,37503175281107,37503175563833,37503175601573,True,,
I_0472,896.35,2608.77,354.439,91.055,0.395,0.033,445.935,37509880784232,37509971839049,37509972241201,37509972280527,True,,
I_0473,1178.559,6647.44,308.02,91.457,0.336,0.085,399.915,37521175349210,37521266806307,37521267149509,37521267244167,True,,
I_0474,1329.894,2580.835,352.884,90.878,0.273,0.033,444.079,37529275745094,37529366623406,37529366902991,37529366939466,True,,
I_0475,62.277,4657.447,353.515,91.021,0.273,0.036,444.856,37538095614738,37538186635310,37538186915063,37538186955567,True,,
I_0476,125.64,2613.978,353.675,91.035,0.196,0.016,444.932,37544125650113,37544216685352,37544216887817,37544216906634,True,,
I_0477,184.532,2646.039,353.929,91.12,0.212,0.017,445.291,37550200741324,37550291861318,37550292081576,37550292102795,True,,
I_0478,558.824,2540.897,308.371,91.077,0.263,0.036,399.758,37557445326794,37557536404041,37557536674613,37557536714075,True,,
I_0479,304.801,2614.051,354.318,91.16,0.225,0.023,445.735,37564285617398,37564376777814,37564377008320,37564377033873,True,,
I_0480,613.962,2668.037,307.366,91.043,0.426,0.081,398.932,37571620718536,37571711761942,37571712195524,37571712284248,True,,
I_0481,425.956,2632.201,396.665,90.264,0.287,0.038,487.267,37578461302244,37578551566232,37578551861965,37578551904839,True,,
I_0482,747.462,2624.78,306.84,90.684,0.238,0.016,397.787,37585705896890,37585796581289,37585796824678,37585796843572,True,,
I_0483,562.012,2585.39,353.224,89.887,0.275,0.034,443.43,37592546914856,37592636801498,37592637083181,37592637120386,True,,
I_0484,864.277,4667.004,307.96,89.682,0.265,0.034,397.952,37601861855469,37601951537241,37601951809500,37601951847180,True,,
I_0485,558.414,2767.165,353.758,91.474,0.198,0.015,445.453,37608700542037,37608792015996,37608792220201,37608792237692,True,,
I_0486,960.77,3355.36,309.273,88.465,0.204,0.016,397.966,37616666825570,37616755290752,37616755501242,37616755519143,True,,
I_0487,1057.966,3484.917,353.081,90.203,0.275,0.016,443.584,37624901767346,37624991970182,37624992251648,37624992270406,True,,
I_0488,1852.072,4038.644,398.993,135.225,0.213,0.016,534.456,37634306657415,37634441882050,37634442102163,37634442120047,True,,
I_0489,1939.978,2602.298,488.204,89.811,0.263,0.033,578.322,37643036853032,37643126663729,37643126934184,37643126971037,True,,
I_0490,1251.685,2657.769,399.691,90.161,0.203,0.02,490.083,37650326480446,37650416641219,37650416850674,37650416872217,True,,
I_0491,20.792,2630.45,443.364,89.673,0.192,0.016,533.254,37657121910875,37657211584096,37657211782170,37657211800663,True,,
I_0492,87.151,4634.171,398.853,89.908,0.22,0.015,489.005,37665131922275,37665221829879,37665222055376,37665222073865,True,,
I_0493,2197.516,4595.605,441.212,89.957,0.195,0.016,531.389,37675256621026,37675346578298,37675346779650,37675346798046,True,,
I_0494,1240.422,4605.462,443.942,89.041,0.282,0.036,533.312,37685337604699,37685426645306,37685426934058,37685426974651,True,,
I_0495,606.174,2585.789,488.658,89.421,0.219,0.018,578.326,37692717430594,37692806851756,37692807077747,37692807098297,True,,
I_0496,3676.536,2620.537,533.011,89.906,0.193,0.017,623.136,37702841457589,37702931363294,37702931562499,37702931582439,True,,
I_0497,435.292,2666.715,352.503,90.018,0.274,0.034,442.84,37709501647967,37709591666152,37709591946614,37709591985378,True,,
I_0498,814.175,2603.145,307.259,90.065,0.264,0.019,397.616,37716746707916,37716836772525,37716837042448,37716837064817,True,,
I_0499,543.729,3955.013,305.915,89.934,0.278,0.042,396.18,37724846529381,37724936463277,37724936747922,37724936794285,True,,
I_0500,1923.184,3382.824,308.609,90.096,0.212,0.017,398.943,37733621645393,37733711741446,37733711959223,37733711979490,True,,
