trial_id,action,t_sent_ns,scan_ms,connect_ms,key_exchange_ms,client_encrypt_ms,client_write_ms,ack_wait_ms,command_to_ack_ms,success,error
H_0001,STAND_UP,27586940511864,298.198,5462.052,768.206,0.099,83.798,90.141,174.057,True,
H_0002,STAND_UP,27587215028048,,,,0.189,78.549,90.103,168.861,True,
H_0003,STAND_UP,27587484341401,,,,0.164,80.258,89.052,169.491,True,
H_0004,STAND_UP,27587754355642,,,,0.181,79.4,89.865,169.465,True,
H_0005,STAND_UP,27588024361044,,,,0.178,78.968,92.285,171.476,True,
H_0006,STAND_UP,27588296207004,,,,0.166,77.321,136.121,213.626,True,
H_0007,STAND_UP,27588610238642,,,,0.164,78.283,90.17,168.637,True,
H_0008,STAND_UP,27588879284459,,,,0.169,79.338,90.059,169.585,True,
H_0009,STAND_UP,27589149384949,,,,0.181,79.284,89.853,169.338,True,
H_0010,STAND_UP,27589419178691,,,,0.173,80.34,89.918,170.451,True,
H_0011,STAND_UP,27589690057349,,,,0.174,79.439,89.462,169.093,True,
H_0012,STAND_UP,27589959709843,,,,0.183,124.608,89.459,214.27,True,
H_0013,STAND_UP,27590274459004,,,,0.166,79.781,89.604,169.573,True,
H_0014,STAND_UP,27590544702592,,,,0.26,78.94,90.283,169.507,True,
H_0015,STAND_UP,27590814805887,,,,0.269,78.924,90.734,169.951,True,
H_0016,STAND_UP,27591085115124,,,,0.252,78.453,89.988,168.718,True,
H_0017,STAND_UP,27591354390259,,,,0.254,124.199,89.961,214.436,True,
H_0018,STAND_UP,27591669338026,,,,0.171,79.107,90.209,169.508,True,
H_0019,STAND_UP,27591939439318,,,,0.326,79.084,91.029,170.463,True,
H_0020,STAND_UP,27592210293843,,,,0.238,78.05,90.285,168.597,True,
H_0021,STAND_UP,27592479409837,,,,0.24,79.1,90.099,169.462,True,
H_0022,STAND_UP,27592749304780,,,,0.213,79.562,89.718,169.514,True,
H_0023,STAND_UP,27593019137002,,,,0.187,80.239,89.086,169.534,True,
H_0024,STAND_UP,27593289093637,,,,0.174,79.402,90.099,169.695,True,
H_0025,STAND_UP,27593559177823,,,,0.244,79.305,90.307,169.879,True,
H_0026,STAND_UP,27593829581950,,,,0.187,79.221,90.818,170.246,True,
H_0027,STAND_UP,27594100328373,,,,0.18,78.453,89.908,168.562,True,
H_0028,STAND_UP,27594369414595,,,,0.168,79.316,89.955,169.461,True,
H_0029,STAND_UP,27594639267360,,,,0.198,79.23,90.103,169.55,True,
H_0030,STAND_UP,27594909230791,,,,0.164,79.362,135.084,214.631,True,
H_0031,STAND_UP,27595224337900,,,,0.167,79.362,89.952,169.5,True,
H_0032,STAND_UP,27595494277487,,,,0.162,79.229,89.912,169.325,True,
H_0033,STAND_UP,27595764062714,,,,0.261,80.255,89.14,169.681,True,
H_0034,STAND_UP,27596034421950,,,,0.363,79.156,90.308,169.846,True,
H_0035,STAND_UP,27596304372815,,,,0.177,79.154,90.149,169.5,True,
H_0036,STAND_UP,27596574440154,,,,0.161,79.33,89.96,169.475,True,
H_0037,STAND_UP,27596844269399,,,,0.204,79.512,90.168,169.905,True,
H_0038,STAND_UP,27597114566494,,,,0.166,79.027,90.35,169.561,True,
H_0039,STAND_UP,27597384628571,,,,0.181,78.827,90.419,169.446,True,
H_0040,STAND_UP,27597654391569,,,,0.176,79.488,90.068,169.752,True,
H_0041,STAND_UP,27597924605403,,,,0.176,79.087,90.098,169.38,True,
H_0042,STAND_UP,27598194323919,,,,0.169,79.528,90.152,169.867,True,
H_0043,STAND_UP,27598464648808,,,,0.174,79.039,91.051,170.284,True,
H_0044,STAND_UP,27598735342874,,,,0.172,78.343,90.157,168.691,True,
H_0045,STAND_UP,27599004509963,,,,0.18,79.199,90.163,169.562,True,
H_0046,STAND_UP,27599274482999,,,,0.182,79.216,90.095,169.513,True,
H_0047,STAND_UP,27599544445179,,,,0.177,79.312,90.146,169.653,True,
H_0048,STAND_UP,27599814624481,,,,0.181,124.134,90.114,214.448,True,
H_0049,STAND_UP,27600129386285,,,,0.166,79.193,90.022,169.399,True,
H_0050,STAND_UP,27600399100837,,,,0.185,79.529,90.321,170.058,True,
H_0051,STAND_UP,27600669464532,,,,0.174,79.302,90.077,169.573,True,
H_0052,STAND_UP,27600939572508,,,,0.179,79.101,90.151,169.45,True,
H_0053,STAND_UP,27601209515126,,,,0.175,79.263,90.047,169.506,True,
H_0054,STAND_UP,27601479550105,,,,0.203,124.189,90.029,214.442,True,
H_0055,STAND_UP,27601794401221,,,,0.202,79.384,89.825,169.431,True,
H_0056,STAND_UP,27602064268153,,,,0.188,124.439,90.237,214.883,True,
H_0057,STAND_UP,27602379622665,,,,0.171,79.195,89.98,169.368,True,
H_0058,STAND_UP,27602649514953,,,,0.182,79.027,90.126,169.356,True,
H_0059,STAND_UP,27602919250347,,,,0.182,79.466,89.974,169.64,True,
H_0060,STAND_UP,27603189400890,,,,0.177,79.435,89.899,169.531,True,
H_0061,STAND_UP,27603459260504,,,,0.196,79.107,89.969,169.297,True,
H_0062,STAND_UP,27603729298408,,,,0.389,79.222,90.238,169.877,True,
H_0063,STAND_UP,27603999483283,,,,0.187,79.25,89.972,169.429,True,
H_0064,STAND_UP,27604269237291,,,,0.168,79.285,90.902,170.374,True,
H_0065,STAND_UP,27604540082750,,,,0.171,78.549,90.333,169.072,True,
H_0066,STAND_UP,27604809669445,,,,0.18,79.082,89.914,169.194,True,
H_0067,STAND_UP,27605079339484,,,,0.177,79.352,89.981,169.529,True,
H_0068,STAND_UP,27605349237370,,,,0.181,79.364,90.37,169.934,True,
H_0069,STAND_UP,27605619584329,,,,0.17,79.098,90.064,169.351,True,
H_0070,STAND_UP,27605889299877,,,,0.202,80.382,89.729,170.339,True,
H_0071,STAND_UP,27606160055072,,,,0.254,78.591,89.954,168.824,True,
H_0072,STAND_UP,27606429213493,,,,0.171,79.542,89.892,169.625,True,
H_0073,STAND_UP,27606699345766,,,,0.171,79.362,90.102,169.654,True,
H_0074,STAND_UP,27606969432843,,,,0.191,79.336,90.038,169.587,True,
H_0075,STAND_UP,27607239474068,,,,0.183,80.081,89.319,169.602,True,
H_0076,STAND_UP,27607509495940,,,,0.182,79.177,89.978,169.357,True,
H_0077,STAND_UP,27607779315714,,,,0.211,79.407,90.111,169.749,True,
H_0078,STAND_UP,27608049462763,,,,0.188,79.186,90.334,169.734,True,
H_0079,STAND_UP,27608319641404,,,,0.193,79.229,90.738,170.181,True,
H_0080,STAND_UP,27608590496194,,,,0.274,77.821,90.444,168.565,True,
H_0081,STAND_UP,27608859642464,,,,0.277,78.8,90.245,169.345,True,
H_0082,STAND_UP,27609129368797,,,,0.256,79.104,90.304,169.687,True,
H_0083,STAND_UP,27609399642050,,,,0.263,78.855,90.264,169.406,True,
H_0084,STAND_UP,27609669631271,,,,0.262,78.876,90.266,169.428,True,
H_0085,STAND_UP,27609939624020,,,,0.257,79.876,88.9,169.059,True,
H_0086,STAND_UP,27610209250459,,,,0.412,79.435,90.098,169.97,True,
H_0087,STAND_UP,27610479426885,,,,0.238,79.131,90.194,169.587,True,
H_0088,STAND_UP,27610749375824,,,,0.26,79.134,90.162,169.579,True,
H_0089,STAND_UP,27611019885857,,,,0.242,78.509,90.095,168.871,True,
H_0090,STAND_UP,27611289381033,,,,0.282,79.242,90.066,169.614,True,
H_0091,STAND_UP,27611559552901,,,,0.26,79.053,90.176,169.511,True,
H_0092,STAND_UP,27611829482628,,,,0.177,79.319,90.152,169.667,True,
H_0093,STAND_UP,27612099491521,,,,0.179,124.422,89.804,214.424,True,
H_0094,STAND_UP,27612414402236,,,,0.177,79.099,90.258,169.555,True,
H_0095,STAND_UP,27612684362353,,,,0.177,79.3,90.129,169.628,True,
H_0096,STAND_UP,27612954523936,,,,0.205,79.147,90.089,169.464,True,
H_0097,STAND_UP,27613224570300,,,,0.258,78.999,90.193,169.475,True,
H_0098,STAND_UP,27613494453753,,,,0.276,79.412,90.075,169.784,True,
H_0099,STAND_UP,27613764574318,,,,0.176,79.228,90.045,169.469,True,
H_0100,STAND_UP,27614034495698,,,,0.175,79.187,90.071,169.453,True,
H_0101,STAND_UP,27614304369068,,,,0.18,79.383,89.914,169.497,True,
H_0102,STAND_UP,27614574303707,,,,0.183,79.223,90.304,169.734,True,
H_0103,STAND_UP,27614844673980,,,,0.268,79.028,89.989,169.309,True,
H_0104,STAND_UP,27615114570446,,,,0.276,79.089,89.932,169.321,True,
H_0105,STAND_UP,27615384434807,,,,0.262,79.176,90.134,169.594,True,
H_0106,STAND_UP,27615654387060,,,,0.188,79.369,90.032,169.609,True,
H_0107,STAND_UP,27615924452350,,,,0.174,79.175,91.152,170.521,True,
H_0108,STAND_UP,27616195384898,,,,0.163,78.122,89.958,168.266,True,
H_0109,STAND_UP,27616464070269,,,,0.251,80.279,89.274,169.829,True,
H_0110,STAND_UP,27616734450540,,,,0.251,79.057,90.088,169.42,True,
H_0111,STAND_UP,27617004463026,,,,0.282,79.222,90.079,169.607,True,
H_0112,STAND_UP,27617274521417,,,,0.25,78.998,90.277,169.548,True,
H_0113,STAND_UP,27617544469947,,,,0.179,79.026,90.304,169.546,True,
H_0114,STAND_UP,27617814587880,,,,0.267,79.237,89.898,169.425,True,
H_0115,STAND_UP,27618084377690,,,,0.171,79.434,90.007,169.631,True,
H_0116,STAND_UP,27618354451261,,,,0.177,79.182,90.84,170.219,True,
H_0117,STAND_UP,27618625092723,,,,0.195,78.601,90.092,168.908,True,
H_0118,STAND_UP,27618894315607,,,,0.169,79.321,90.235,169.744,True,
H_0119,STAND_UP,27619164481377,,,,0.204,79.382,89.989,169.595,True,
H_0120,STAND_UP,27619434554819,,,,0.204,79.27,89.963,169.458,True,
H_0121,STAND_UP,27619704446760,,,,0.175,79.268,90.026,169.49,True,
H_0122,STAND_UP,27619974453964,,,,0.201,79.234,90.687,170.146,True,
H_0123,STAND_UP,27620245395052,,,,0.437,78.179,90.022,168.662,True,
H_0124,STAND_UP,27620514268824,,,,0.259,79.426,89.947,169.656,True,
H_0125,STAND_UP,27620784452669,,,,0.24,79.166,89.939,169.369,True,
H_0126,STAND_UP,27621054421695,,,,0.264,78.96,90.176,169.426,True,
H_0127,STAND_UP,27621324313263,,,,0.315,79.222,90.316,169.877,True,
H_0128,STAND_UP,27621594576880,,,,0.267,78.826,135.267,214.385,True,
H_0129,STAND_UP,27621909517928,,,,0.26,78.958,90.227,169.468,True,
H_0130,STAND_UP,27622179465997,,,,0.167,79.204,89.875,169.268,True,
H_0131,STAND_UP,27622449371926,,,,0.248,79.19,90.199,169.661,True,
H_0132,STAND_UP,27622719482926,,,,0.269,80.026,89.17,169.488,True,
H_0133,STAND_UP,27622989377944,,,,0.261,79.313,89.834,169.432,True,
H_0134,STAND_UP,27623259240045,,,,0.202,79.549,90.056,169.828,True,
H_0135,STAND_UP,27623529563198,,,,0.199,79.086,90.193,169.498,True,
H_0136,STAND_UP,27623799316637,,,,0.172,79.34,90.321,169.855,True,
H_0137,STAND_UP,27624069619397,,,,0.181,78.981,90.138,169.321,True,
H_0138,STAND_UP,27624339368250,,,,0.169,79.416,89.84,169.444,True,
H_0139,STAND_UP,27624609249918,,,,0.187,79.432,91.295,170.934,True,
H_0140,STAND_UP,27624880491672,,,,0.178,78.134,90.1,168.432,True,
H_0141,STAND_UP,27625149342009,,,,0.167,79.305,90.229,169.72,True,
H_0142,STAND_UP,27625419459541,,,,0.181,80.057,89.13,169.392,True,
H_0143,STAND_UP,27625689282449,,,,0.17,79.65,89.921,169.76,True,
H_0144,STAND_UP,27625959512556,,,,0.176,79.277,89.989,169.462,True,
H_0145,STAND_UP,27626229515934,,,,0.185,79.089,90.089,169.385,True,
H_0146,STAND_UP,27626499458580,,,,0.255,79.819,89.176,169.276,True,
H_0147,STAND_UP,27626769092758,,,,0.24,80.202,89.243,169.708,True,
H_0148,STAND_UP,27627039365835,,,,0.255,79.375,89.858,169.512,True,
H_0149,STAND_UP,27627309368002,,,,0.257,79.24,90.207,169.725,True,
H_0150,STAND_UP,27627579377729,,,,0.172,79.505,90.031,169.728,True,
H_0151,STAND_UP,27627849629423,,,,0.179,79.204,90.014,169.416,True,
H_0152,STAND_UP,27628119380768,,,,0.19,80.076,89.125,169.413,True,
H_0153,STAND_UP,27628389490716,,,,0.386,79.029,90.17,169.608,True,
H_0154,STAND_UP,27628659554435,,,,0.263,79.28,90.497,170.062,True,
H_0155,STAND_UP,27628930052917,,,,0.212,78.809,89.89,168.932,True,
H_0156,STAND_UP,27629199439512,,,,0.169,79.283,90.041,169.513,True,
H_0157,STAND_UP,27629469449233,,,,0.206,79.457,89.653,169.335,True,
H_0158,STAND_UP,27629739288341,,,,0.297,80.353,89.055,169.726,True,
H_0159,STAND_UP,27630009284070,,,,0.174,79.594,90.548,170.336,True,
H_0160,STAND_UP,27630279922516,,,,0.18,78.72,90.026,168.95,True,
H_0161,STAND_UP,27630549616451,,,,0.27,78.922,90.149,169.365,True,
H_0162,STAND_UP,27630819590129,,,,0.26,79.322,90.003,169.609,True,
H_0163,STAND_UP,27631089677044,,,,0.178,78.812,90.111,169.125,True,
H_0164,STAND_UP,27631359440950,,,,0.257,79.299,89.888,169.465,True,
H_0165,STAND_UP,27631629140622,,,,0.19,79.638,90.029,169.876,True,
H_0166,STAND_UP,27631899444677,,,,0.176,79.261,90.269,169.727,True,
H_0167,STAND_UP,27632169688339,,,,0.195,79.186,89.993,169.395,True,
H_0168,STAND_UP,27632439620658,,,,0.19,79.194,90.731,170.135,True,
H_0169,STAND_UP,27632710278183,,,,0.208,78.616,90.133,168.977,True,
H_0170,STAND_UP,27632979741082,,,,0.203,78.988,90.041,169.251,True,
H_0171,STAND_UP,27633249453466,,,,0.184,79.09,90.199,169.495,True,
H_0172,STAND_UP,27633519573127,,,,0.26,79.194,90.086,169.564,True,
H_0173,STAND_UP,27633789525993,,,,0.234,78.799,90.306,169.364,True,
H_0174,STAND_UP,27634059468746,,,,0.258,79.364,90.003,169.648,True,
H_0175,STAND_UP,27634329571903,,,,0.255,79.2,90.144,169.622,True,
H_0176,STAND_UP,27634599461238,,,,0.173,79.112,90.084,169.388,True,
H_0177,STAND_UP,27634869321187,,,,0.195,79.361,90.092,169.67,True,
H_0178,STAND_UP,27635139582512,,,,0.263,78.953,90.194,169.429,True,
H_0179,STAND_UP,27635409411809,,,,0.178,79.176,90.291,169.665,True,
H_0180,STAND_UP,27635679576226,,,,0.177,79.091,89.994,169.281,True,
H_0181,STAND_UP,27635949360329,,,,0.184,79.155,90.247,169.609,True,
H_0182,STAND_UP,27636219647028,,,,0.247,78.916,90.208,169.394,True,
H_0183,STAND_UP,27636489360930,,,,0.251,79.023,90.243,169.542,True,
H_0184,STAND_UP,27636759546372,,,,0.276,79.185,89.707,169.196,True,
H_0185,STAND_UP,27637029118941,,,,0.263,80.192,89.098,169.579,True,
H_0186,STAND_UP,27637299163093,,,,0.326,80.42,89.166,169.936,True,
H_0187,STAND_UP,27637569545444,,,,0.238,78.815,90.248,169.325,True,
H_0188,STAND_UP,27637839338642,,,,0.257,79.192,90.017,169.492,True,
H_0189,STAND_UP,27638109391728,,,,0.252,124.122,90.019,214.418,True,
H_0190,STAND_UP,27638424473820,,,,0.365,79.207,90.088,169.683,True,
H_0191,STAND_UP,27638694485441,,,,0.233,79.168,90.224,169.646,True,
H_0192,STAND_UP,27638964555385,,,,0.184,79.126,90.035,169.365,True,
H_0193,STAND_UP,27639234409565,,,,0.179,79.155,90.16,169.515,True,
H_0194,STAND_UP,27639504376754,,,,0.175,79.337,90.193,169.727,True,
H_0195,STAND_UP,27639774745061,,,,0.215,78.898,90.15,169.285,True,
H_0196,STAND_UP,27640044559516,,,,0.253,79.32,89.484,169.081,True,
H_0197,STAND_UP,27640314280554,,,,0.427,79.563,89.884,169.895,True,
H_0198,STAND_UP,27640584240336,,,,0.176,80.001,90.428,170.627,True,
H_0199,STAND_UP,27640855447903,,,,0.382,78.447,90.079,168.929,True,
H_0200,STAND_UP,27641124676445,,,,0.178,79.745,89.11,169.056,True,
H_0201,STAND_UP,27641394291600,,,,0.248,79.109,90.21,169.59,True,
H_0202,STAND_UP,27641664473489,,,,0.258,79.08,90.247,169.61,True,
H_0203,STAND_UP,27641934626138,,,,0.239,79.263,89.897,169.422,True,
H_0204,STAND_UP,27642204489828,,,,0.18,79.238,90.118,169.557,True,
H_0205,STAND_UP,27642474530053,,,,0.176,78.818,90.379,169.392,True,
H_0206,STAND_UP,27642744345249,,,,0.179,79.179,90.459,169.845,True,
H_0207,STAND_UP,27643014629767,,,,0.171,80.146,89.016,169.354,True,
H_0208,STAND_UP,27643284441189,,,,0.204,79.454,89.93,169.608,True,
H_0209,STAND_UP,27643554523665,,,,0.181,79.102,90.115,169.417,True,
H_0210,STAND_UP,27643824526593,,,,0.17,79.838,89.364,169.391,True,
H_0211,STAND_UP,27644094462174,,,,0.185,79.246,90.744,170.195,True,
H_0212,STAND_UP,27644365240186,,,,0.264,79.968,88.622,168.875,True,
H_0213,STAND_UP,27644634517697,,,,0.172,80.068,89.094,169.355,True,
H_0214,STAND_UP,27644904339330,,,,0.194,79.553,90.025,169.793,True,
H_0215,STAND_UP,27645174472917,,,,0.207,79.292,89.955,169.474,True,
H_0216,STAND_UP,27645444291356,,,,0.185,79.514,89.891,169.61,True,
H_0217,STAND_UP,27645714403285,,,,0.203,79.275,90.101,169.599,True,
H_0218,STAND_UP,27645984432508,,,,0.19,79.367,89.947,169.524,True,
H_0219,STAND_UP,27646254459081,,,,0.174,79.261,90.295,169.75,True,
H_0220,STAND_UP,27646524732154,,,,0.179,78.989,89.861,169.05,True,
H_0221,STAND_UP,27646794290140,,,,0.183,79.556,90.151,169.91,True,
H_0222,STAND_UP,27647064685229,,,,0.183,79.146,89.917,169.266,True,
H_0223,STAND_UP,27647334302425,,,,0.2,80.252,89.825,170.3,True,
H_0224,STAND_UP,27647605015450,,,,0.251,78.676,90.052,169.002,True,
H_0225,STAND_UP,27647874590070,,,,0.263,78.881,90.099,169.271,True,
H_0226,STAND_UP,27648144278754,,,,0.245,79.097,90.158,169.525,True,
H_0227,STAND_UP,27648414379547,,,,0.26,79.084,90.157,169.526,True,
H_0228,STAND_UP,27648684454993,,,,0.246,79.081,90.019,169.371,True,
H_0229,STAND_UP,27648954306094,,,,0.352,124.369,89.953,214.694,True,
H_0230,STAND_UP,27649269170380,,,,0.181,79.498,90.256,169.955,True,
H_0231,STAND_UP,27649539695114,,,,0.2,79.011,89.912,169.143,True,
H_0232,STAND_UP,27649809272853,,,,0.184,79.328,90.187,169.718,True,
H_0233,STAND_UP,27650079469006,,,,0.181,79.102,90.011,169.319,True,
H_0234,STAND_UP,27650349384481,,,,0.257,79.219,90.206,169.702,True,
H_0235,STAND_UP,27650619544792,,,,0.209,79.984,89.147,169.36,True,
H_0236,STAND_UP,27650889397720,,,,0.202,79.123,91.027,170.374,True,
H_0237,STAND_UP,27651160182591,,,,0.177,78.33,89.887,168.413,True,
H_0238,STAND_UP,27651428992262,,,,0.195,79.712,89.944,169.871,True,
H_0239,STAND_UP,27651699317930,,,,0.169,124.381,90.187,214.757,True,
H_0240,STAND_UP,27652014556349,,,,0.197,79.109,90.056,169.391,True,
H_0241,STAND_UP,27652284449758,,,,0.189,79.442,90.088,169.738,True,
H_0242,STAND_UP,27652554483562,,,,0.168,79.251,89.843,169.281,True,
H_0243,STAND_UP,27652824306872,,,,0.189,79.446,90.184,169.838,True,
H_0244,STAND_UP,27653094646538,,,,0.176,79.124,89.947,169.267,True,
H_0245,STAND_UP,27653364375080,,,,0.206,80.411,88.832,169.469,True,
H_0246,STAND_UP,27653634363131,,,,0.208,79.316,90.23,169.774,True,
H_0247,STAND_UP,27653904383188,,,,0.169,78.955,90.549,169.693,True,
H_0248,STAND_UP,27654174607974,,,,0.197,78.977,91.143,170.336,True,
H_0249,STAND_UP,27654445362793,,,,0.185,78.488,89.736,168.428,True,
H_0250,STAND_UP,27654714274192,,,,0.178,80.231,89.156,169.584,True,
H_0251,STAND_UP,27654984307743,,,,0.213,79.484,90.062,169.778,True,
H_0252,STAND_UP,27655254416071,,,,0.324,79.366,89.737,169.445,True,
H_0253,STAND_UP,27655524215053,,,,0.18,79.585,90.094,169.879,True,
H_0254,STAND_UP,27655794526689,,,,0.174,79.025,90.196,169.414,True,
H_0255,STAND_UP,27656064416063,,,,0.167,79.207,90.094,169.49,True,
H_0256,STAND_UP,27656334368048,,,,0.192,79.351,89.932,169.493,True,
H_0257,STAND_UP,27656604322694,,,,0.231,79.468,91.857,171.576,True,
H_0258,STAND_UP,27656876282403,,,,0.172,77.543,89.783,167.52,True,
H_0259,STAND_UP,27657144475815,,,,0.338,79.358,89.87,169.586,True,
H_0260,STAND_UP,27657414380237,,,,0.169,79.175,91.021,170.383,True,
H_0261,STAND_UP,27657685136304,,,,0.208,79.424,89.779,169.435,True,
H_0262,STAND_UP,27657954969879,,,,0.177,78.704,89.955,168.859,True,
H_0263,STAND_UP,27658224459904,,,,0.249,78.96,90.348,169.581,True,
H_0264,STAND_UP,27658494534903,,,,0.255,79.949,89.11,169.338,True,
H_0265,STAND_UP,27658764464452,,,,0.267,79.059,90.237,169.587,True,
H_0266,STAND_UP,27659034378298,,,,0.227,79.331,89.646,169.224,True,
H_0267,STAND_UP,27659304073574,,,,0.237,79.228,91.162,170.649,True,
H_0268,STAND_UP,27659575170092,,,,0.258,78.064,91.161,169.509,True,
H_0269,STAND_UP,27659845152659,,,,0.319,78.073,91.069,169.485,True,
H_0270,STAND_UP,27660114894795,,,,0.22,79.43,90.25,169.921,True,
H_0271,STAND_UP,27660385190700,,,,0.211,78.363,90.125,168.725,True,
H_0272,STAND_UP,27660654307434,,,,0.195,80.109,89.901,170.226,True,
H_0273,STAND_UP,27660924975833,,,,0.209,78.572,90.326,169.127,True,
H_0274,STAND_UP,27661194381801,,,,0.175,79.231,90.863,170.289,True,
H_0275,STAND_UP,27661465024662,,,,0.183,78.394,89.926,168.524,True,
H_0276,STAND_UP,27661733887627,,,,0.176,80.545,90.063,170.805,True,
H_0277,STAND_UP,27662005018668,,,,0.207,78.448,90.082,168.76,True,
H_0278,STAND_UP,27662274387854,,,,0.25,79.25,90.922,170.447,True,
H_0279,STAND_UP,27662545421667,,,,0.327,77.885,90.449,168.684,True,
H_0280,STAND_UP,27662814406580,,,,0.247,78.955,90.189,169.414,True,
H_0281,STAND_UP,27663084368750,,,,0.172,79.37,90.003,169.566,True,
H_0282,STAND_UP,27663354385674,,,,0.179,79.046,90.948,170.193,True,
H_0283,STAND_UP,27663624887041,,,,0.184,78.626,90.182,169.013,True,
H_0284,STAND_UP,27663894241618,,,,0.173,79.828,90.457,170.477,True,
H_0285,STAND_UP,27664165217931,,,,0.178,82.318,86.126,168.642,True,
H_0286,STAND_UP,27664434251741,,,,0.2,79.147,90.265,169.632,True,
H_0287,STAND_UP,27664704375574,,,,0.179,80.305,88.96,169.466,True,
H_0288,STAND_UP,27664974317824,,,,0.205,79.395,90.155,169.775,True,
H_0289,STAND_UP,27665244550126,,,,0.181,79.254,90.111,169.566,True,
H_0290,STAND_UP,27665514460179,,,,0.165,80.994,88.444,169.625,True,
H_0291,STAND_UP,27665784434221,,,,0.174,79.252,89.979,169.427,True,
H_0292,STAND_UP,27666054174605,,,,0.189,79.43,90.272,169.912,True,
H_0293,STAND_UP,27666324598489,,,,0.18,78.96,90.213,169.372,True,
H_0294,STAND_UP,27666594535006,,,,0.244,79.073,90.297,169.634,True,
H_0295,STAND_UP,27666864423766,,,,0.175,79.231,90.098,169.524,True,
H_0296,STAND_UP,27667134477480,,,,0.185,78.967,90.437,169.61,True,
H_0297,STAND_UP,27667404608269,,,,0.185,78.972,90.075,169.252,True,
H_0298,STAND_UP,27667674370683,,,,0.214,79.299,90.325,169.861,True,
H_0299,STAND_UP,27667944516149,,,,0.179,78.76,90.164,169.126,True,
H_0300,STAND_UP,27668214149647,,,,0.352,79.109,91.388,170.873,True,
H_0301,STAND_UP,27668485455860,,,,0.245,78.097,90.054,168.419,True,
H_0302,STAND_UP,27668754386464,,,,0.259,79.172,90.109,169.565,True,
H_0303,STAND_UP,27669024535918,,,,0.215,78.758,90.468,169.464,True,
H_0304,STAND_UP,27669294389607,,,,0.273,79.15,90.14,169.587,True,
H_0305,STAND_UP,27669564524817,,,,0.264,78.881,90.317,169.485,True,
H_0306,STAND_UP,27669834428885,,,,0.249,79.221,90.071,169.564,True,
H_0307,STAND_UP,27670104648040,,,,0.323,78.891,92.023,171.26,True,
H_0308,STAND_UP,27670376185569,,,,0.243,77.368,89.979,167.615,True,
H_0309,STAND_UP,27670644314714,,,,0.237,79.165,90.261,169.687,True,
H_0310,STAND_UP,27670914573027,,,,0.253,79.362,90.014,169.653,True,
H_0311,STAND_UP,27671184613588,,,,0.259,79.128,90.052,169.462,True,
H_0312,STAND_UP,27671454663046,,,,0.252,78.987,90.041,169.303,True,
H_0313,STAND_UP,27671724559408,,,,0.274,79.157,90.041,169.493,True,
H_0314,STAND_UP,27671994665906,,,,0.179,124.089,90.043,214.331,True,
H_0315,STAND_UP,27672309366862,,,,0.175,79.268,90.188,169.65,True,
H_0316,STAND_UP,27672579371822,,,,0.162,78.871,90.493,169.546,True,
H_0317,STAND_UP,27672849389778,,,,0.2,79.441,89.999,169.66,True,
H_0318,STAND_UP,27673119526501,,,,0.206,79.096,90.03,169.351,True,
H_0319,STAND_UP,27673389362374,,,,0.198,79.503,89.747,169.467,True,
H_0320,STAND_UP,27673659169032,,,,0.164,79.667,89.934,169.785,True,
H_0321,STAND_UP,27673929471365,,,,0.169,79.241,90.037,169.47,True,
H_0322,STAND_UP,27674199512595,,,,0.179,79.169,90.136,169.504,True,
H_0323,STAND_UP,27674469484471,,,,0.172,78.863,90.251,169.305,True,
H_0324,STAND_UP,27674739264464,,,,0.18,79.431,90.75,170.381,True,
H_0325,STAND_UP,27675010144749,,,,0.204,78.533,90.219,168.975,True,
H_0326,STAND_UP,27675279514251,,,,0.167,79.005,91.363,170.555,True,
H_0327,STAND_UP,27675550551604,,,,0.173,78.181,90.051,168.423,True,
H_0328,STAND_UP,27675819318743,,,,0.18,80.269,89.069,169.538,True,
H_0329,STAND_UP,27676089374911,,,,0.299,79.541,89.813,169.673,True,
H_0330,STAND_UP,27676359440126,,,,0.201,79.214,90.215,169.65,True,
H_0331,STAND_UP,27676629510545,,,,0.182,79.422,89.924,169.547,True,
H_0332,STAND_UP,27676899554785,,,,0.201,78.925,90.515,169.66,True,
H_0333,STAND_UP,27677169451337,,,,0.176,79.375,89.878,169.45,True,
H_0334,STAND_UP,27677439425307,,,,0.206,79.208,89.961,169.396,True,
H_0335,STAND_UP,27677709605915,,,,0.214,78.883,90.282,169.401,True,
H_0336,STAND_UP,27677979559317,,,,0.242,79.084,90.012,169.362,True,
H_0337,STAND_UP,27678249481033,,,,0.249,79.065,90.894,170.233,True,
H_0338,STAND_UP,27678519997927,,,,0.174,79.246,89.204,168.655,True,
H_0339,STAND_UP,27678789170620,,,,0.237,79.497,90.173,169.928,True,
H_0340,STAND_UP,27679059505570,,,,0.169,79.16,90.02,169.369,True,
H_0341,STAND_UP,27679329390206,,,,0.18,79.322,89.902,169.424,True,
H_0342,STAND_UP,27679599310303,,,,0.173,79.424,89.911,169.527,True,
H_0343,STAND_UP,27679869224476,,,,0.179,79.441,90.141,169.784,True,
H_0344,STAND_UP,27680139621287,,,,0.249,79.164,89.778,169.214,True,
H_0345,STAND_UP,27680409281478,,,,0.261,79.281,89.97,169.537,True,
H_0346,STAND_UP,27680679311102,,,,0.245,79.049,90.208,169.526,True,
H_0347,STAND_UP,27680949314368,,,,0.23,79.154,90.284,169.691,True,
H_0348,STAND_UP,27681219395417,,,,0.266,79.207,90.167,169.664,True,
H_0349,STAND_UP,27681489459998,,,,0.227,79.203,89.744,169.198,True,
H_0350,STAND_UP,27681759237664,,,,0.254,79.307,89.93,169.514,True,
H_0351,STAND_UP,27682029070540,,,,0.236,80.367,88.974,169.6,True,
H_0352,STAND_UP,27682299148598,,,,0.27,79.428,89.99,169.713,True,
H_0353,STAND_UP,27682569409097,,,,0.266,79.187,90.339,169.812,True,
H_0354,STAND_UP,27682839456687,,,,0.18,79.373,89.553,169.125,True,
H_0355,STAND_UP,27683109054090,,,,0.207,79.749,89.994,169.97,True,
H_0356,STAND_UP,27683379487781,,,,0.19,79.376,89.959,169.546,True,
H_0357,STAND_UP,27683649540893,,,,0.177,79.152,90.194,169.541,True,
H_0358,STAND_UP,27683919416497,,,,0.183,79.435,89.995,169.633,True,
H_0359,STAND_UP,27684189418227,,,,0.172,80.101,89.285,169.581,True,
H_0360,STAND_UP,27684459604775,,,,0.254,79.96,89.125,169.363,True,
H_0361,STAND_UP,27684729518093,,,,0.246,79.021,90.115,169.405,True,
H_0362,STAND_UP,27684999406890,,,,0.244,124.102,90.246,214.616,True,
H_0363,STAND_UP,27685314607380,,,,0.278,79.037,90.097,169.436,True,
H_0364,STAND_UP,27685584582562,,,,0.256,124.015,89.981,214.277,True,
H_0365,STAND_UP,27685899411357,,,,0.24,78.937,91.261,170.461,True,
H_0366,STAND_UP,27686170366163,,,,0.321,78.181,90.095,168.621,True,
H_0367,STAND_UP,27686439460839,,,,0.239,79.188,90.114,169.573,True,
H_0368,STAND_UP,27686709502082,,,,0.253,79.164,90.03,169.47,True,
H_0369,STAND_UP,27686979343058,,,,0.252,79.156,90.11,169.544,True,
H_0370,STAND_UP,27687249244706,,,,0.257,79.224,90.078,169.581,True,
H_0371,STAND_UP,27687519452562,,,,0.246,79.129,90.26,169.66,True,
H_0372,STAND_UP,27687789487465,,,,0.191,78.975,90.247,169.431,True,
H_0373,STAND_UP,27688059338549,,,,0.173,124.235,90.078,214.505,True,
H_0374,STAND_UP,27688374348449,,,,0.172,79.287,90.127,169.605,True,
H_0375,STAND_UP,27688644459846,,,,0.198,80.141,88.857,169.217,True,
H_0376,STAND_UP,27688913955500,,,,0.173,79.312,90.373,169.884,True,
H_0377,STAND_UP,27689184473395,,,,0.173,78.837,90.215,169.247,True,
H_0378,STAND_UP,27689454365511,,,,0.251,79.251,89.969,169.492,True,
H_0379,STAND_UP,27689724301403,,,,0.203,124.193,90.146,214.561,True,
H_0380,STAND_UP,27690039350353,,,,0.19,79.301,90.05,169.56,True,
H_0381,STAND_UP,27690309472042,,,,0.2,79.212,91.017,170.45,True,
H_0382,STAND_UP,27690580389933,,,,0.181,78.345,90.765,169.315,True,
H_0383,STAND_UP,27690850227466,,,,0.176,78.375,89.993,168.563,True,
H_0384,STAND_UP,27691119303491,,,,0.181,79.294,90.196,169.692,True,
H_0385,STAND_UP,27691389460096,,,,0.215,79.433,89.956,169.624,True,
H_0386,STAND_UP,27691659481819,,,,0.179,79.41,89.689,169.296,True,
H_0387,STAND_UP,27691929309469,,,,0.207,79.475,90.063,169.766,True,
H_0388,STAND_UP,27692199545215,,,,0.18,79.358,89.936,169.494,True,
H_0389,STAND_UP,27692469522283,,,,0.171,79.055,90.098,169.344,True,
H_0390,STAND_UP,27692739266879,,,,0.222,79.677,90.0,169.919,True,
H_0391,STAND_UP,27693009625321,,,,0.179,78.994,90.226,169.418,True,
H_0392,STAND_UP,27693279341449,,,,0.183,79.194,90.243,169.639,True,
H_0393,STAND_UP,27693549480929,,,,0.184,79.141,90.256,169.603,True,
H_0394,STAND_UP,27693819594158,,,,0.179,79.083,90.003,169.285,True,
H_0395,STAND_UP,27694089349191,,,,0.194,79.31,89.871,169.394,True,
H_0396,STAND_UP,27694359155651,,,,0.204,79.488,90.102,169.813,True,
H_0397,STAND_UP,27694629417683,,,,0.183,79.473,89.64,169.315,True,
H_0398,STAND_UP,27694899240134,,,,0.172,79.352,90.379,169.922,True,
H_0399,STAND_UP,27695169600489,,,,0.182,78.801,90.418,169.43,True,
H_0400,STAND_UP,27695439508634,,,,0.205,78.927,90.17,169.351,True,
H_0401,STAND_UP,27695709244946,,,,0.203,79.41,90.122,169.783,True,
H_0402,STAND_UP,27695979385483,,,,0.164,79.364,89.999,169.546,True,
H_0403,STAND_UP,27696249288394,,,,0.166,79.407,90.17,169.763,True,
H_0404,STAND_UP,27696519542729,,,,0.171,78.996,90.287,169.476,True,
H_0405,STAND_UP,27696789300148,,,,0.204,79.331,90.18,169.735,True,
H_0406,STAND_UP,27697059380537,,,,0.163,80.365,88.863,169.41,True,
H_0407,STAND_UP,27697329309096,,,,0.182,79.161,90.194,169.557,True,
H_0408,STAND_UP,27697599303794,,,,0.195,79.469,90.833,170.518,True,
H_0409,STAND_UP,27697870334440,,,,0.215,78.323,90.026,168.583,True,
H_0410,STAND_UP,27698139323994,,,,0.183,79.108,90.291,169.603,True,
H_0411,STAND_UP,27698409452175,,,,0.178,79.004,90.158,169.361,True,
H_0412,STAND_UP,27698679259626,,,,0.171,79.292,90.199,169.681,True,
H_0413,STAND_UP,27698949343069,,,,0.177,79.271,89.875,169.343,True,
H_0414,STAND_UP,27699219045447,,,,0.177,79.19,90.252,169.644,True,
H_0415,STAND_UP,27699489257205,,,,0.269,79.293,89.977,169.563,True,
H_0416,STAND_UP,27699759372434,,,,0.256,79.081,90.172,169.534,True,
H_0417,STAND_UP,27700029297035,,,,0.224,79.371,89.867,169.485,True,
H_0418,STAND_UP,27700299483779,,,,0.23,79.041,90.928,170.221,True,
H_0419,STAND_UP,27700570165072,,,,0.219,78.304,90.316,168.859,True,
H_0420,STAND_UP,27700839471543,,,,0.176,79.039,90.139,169.373,True,
H_0421,STAND_UP,27701109355442,,,,0.163,79.375,90.211,169.768,True,
H_0422,STAND_UP,27701379645888,,,,0.18,78.897,90.16,169.257,True,
H_0423,STAND_UP,27701649434960,,,,0.18,79.222,90.104,169.526,True,
H_0424,STAND_UP,27701919392899,,,,0.173,79.33,90.224,169.746,True,
H_0425,STAND_UP,27702189688558,,,,0.179,78.947,90.602,169.75,True,
H_0426,STAND_UP,27702459781799,,,,0.164,78.69,90.142,169.015,True,
H_0427,STAND_UP,27702729160482,,,,0.17,79.615,90.032,169.839,True,
H_0428,STAND_UP,27702999459819,,,,0.176,79.188,90.146,169.53,True,
H_0429,STAND_UP,27703269435554,,,,0.182,79.289,89.891,169.383,True,
H_0430,STAND_UP,27703539484996,,,,0.244,79.138,90.161,169.565,True,
H_0431,STAND_UP,27703809597711,,,,0.263,79.118,89.992,169.407,True,
H_0432,STAND_UP,27704079553852,,,,0.249,79.122,90.071,169.467,True,
H_0433,STAND_UP,27704349406241,,,,0.229,79.095,90.158,169.506,True,
H_0434,STAND_UP,27704619419566,,,,0.182,79.231,89.997,169.433,True,
H_0435,STAND_UP,27704889498935,,,,0.263,79.068,90.225,169.579,True,
H_0436,STAND_UP,27705159422266,,,,0.17,79.275,89.995,169.462,True,
H_0437,STAND_UP,27705429490273,,,,0.178,78.859,90.301,169.36,True,
H_0438,STAND_UP,27705699335939,,,,0.25,79.299,89.953,169.523,True,
H_0439,STAND_UP,27705969208870,,,,0.196,79.233,90.468,169.916,True,
H_0440,STAND_UP,27706239431681,,,,0.174,79.196,90.015,169.404,True,
H_0441,STAND_UP,27706509351090,,,,0.196,79.335,90.059,169.616,True,
H_0442,STAND_UP,27706779357225,,,,0.239,78.979,90.088,169.332,True,
H_0443,STAND_UP,27707049274914,,,,0.334,79.195,90.266,169.819,True,
H_0444,STAND_UP,27707319434312,,,,0.255,78.989,90.096,169.364,True,
H_0445,STAND_UP,27707589308333,,,,0.263,79.139,90.025,169.451,True,
H_0446,STAND_UP,27707859449956,,,,0.395,79.234,90.025,169.678,True,
H_0447,STAND_UP,27708129370325,,,,0.282,79.001,90.405,169.712,True,
H_0448,STAND_UP,27708399600553,,,,0.259,78.849,90.29,169.422,True,
H_0449,STAND_UP,27708669521538,,,,0.276,78.865,90.271,169.435,True,
H_0450,STAND_UP,27708939389854,,,,0.185,79.457,89.984,169.646,True,
H_0451,STAND_UP,27709209556627,,,,0.216,79.097,90.652,169.987,True,
H_0452,STAND_UP,27709479827233,,,,0.163,78.436,90.08,168.7,True,
H_0453,STAND_UP,27709749146656,,,,0.261,79.245,90.206,169.736,True,
H_0454,STAND_UP,27710019444957,,,,0.261,79.126,90.129,169.54,True,
H_0455,STAND_UP,27710289382287,,,,0.252,79.056,90.248,169.58,True,
H_0456,STAND_UP,27710559524397,,,,0.186,79.112,90.1,169.421,True,
H_0457,STAND_UP,27710829400613,,,,0.287,79.317,89.849,169.477,True,
H_0458,STAND_UP,27711099408866,,,,0.258,79.157,90.126,169.565,True,
H_0459,STAND_UP,27711369309351,,,,0.184,79.149,90.185,169.538,True,
H_0460,STAND_UP,27711639552717,,,,0.334,79.261,89.673,169.288,True,
H_0461,STAND_UP,27711909047936,,,,0.178,81.143,88.479,169.819,True,
H_0462,STAND_UP,27712179351924,,,,0.176,79.389,89.932,169.516,True,
H_0463,STAND_UP,27712449151593,,,,0.177,79.445,89.983,169.63,True,
H_0464,STAND_UP,27712719310151,,,,0.205,79.183,90.456,169.864,True,
H_0465,STAND_UP,27712989638456,,,,0.164,80.015,90.592,170.792,True,
H_0466,STAND_UP,27713260791478,,,,0.18,77.775,90.04,168.018,True,
H_0467,STAND_UP,27713529309657,,,,0.275,79.329,90.332,169.958,True,
H_0468,STAND_UP,27713799505695,,,,0.184,79.136,90.069,169.41,True,
H_0469,STAND_UP,27714069411066,,,,0.211,79.263,135.126,214.621,True,
H_0470,STAND_UP,27714384499687,,,,0.18,78.742,90.688,169.63,True,
H_0471,STAND_UP,27714654666440,,,,0.168,79.143,89.964,169.294,True,
H_0472,STAND_UP,27714924448442,,,,0.195,79.177,90.328,169.721,True,
H_0473,STAND_UP,27715194479209,,,,0.165,79.081,90.39,169.657,True,
H_0474,STAND_UP,27715464668881,,,,0.181,79.287,89.84,169.328,True,
H_0475,STAND_UP,27715734363581,,,,0.165,79.235,90.17,169.589,True,
H_0476,STAND_UP,27716004339968,,,,0.175,79.393,90.078,169.664,True,
H_0477,STAND_UP,27716274434726,,,,0.177,79.034,90.157,169.388,True,
H_0478,STAND_UP,27716544524792,,,,0.202,79.861,89.262,169.349,True,
H_0479,STAND_UP,27716814366619,,,,0.267,124.396,90.025,214.712,True,
H_0480,STAND_UP,27717129503191,,,,0.243,79.07,90.105,169.441,True,
H_0481,STAND_UP,27717399532318,,,,0.258,79.167,90.058,169.506,True,
H_0482,STAND_UP,27717669437113,,,,0.327,79.139,90.032,169.522,True,
H_0483,STAND_UP,27717939361286,,,,0.378,79.311,90.132,169.845,True,
H_0484,STAND_UP,27718209703403,,,,0.246,79.792,89.174,169.236,True,
H_0485,STAND_UP,27718479504415,,,,0.288,79.202,89.922,169.436,True,
H_0486,STAND_UP,27718749447002,,,,0.247,79.021,90.007,169.298,True,
H_0487,STAND_UP,27719019394442,,,,0.346,79.228,90.268,169.861,True,
H_0488,STAND_UP,27719289516031,,,,0.182,79.879,90.081,170.165,True,
H_0489,STAND_UP,27719560197544,,,,0.276,78.319,89.986,168.607,True,
H_0490,STAND_UP,27719829256691,,,,0.348,78.95,90.179,169.499,True,
H_0491,STAND_UP,27720099058832,,,,0.285,79.484,90.105,169.896,True,
H_0492,STAND_UP,27720369282806,,,,0.181,79.671,89.357,169.228,True,
H_0493,STAND_UP,27720638959746,,,,0.199,79.721,90.195,170.136,True,
H_0494,STAND_UP,27720909602115,,,,0.177,80.287,88.96,169.444,True,
H_0495,STAND_UP,27721179454167,,,,0.164,79.284,90.972,170.439,True,
H_0496,STAND_UP,27721450425851,,,,0.212,78.239,89.861,168.355,True,
H_0497,STAND_UP,27721719192253,,,,0.171,79.494,90.136,169.821,True,
H_0498,STAND_UP,27721989380540,,,,0.164,79.562,89.823,169.568,True,
H_0499,STAND_UP,27722259504837,,,,0.194,79.234,89.872,169.32,True,
H_0500,STAND_UP,27722529379382,,,,0.304,79.306,90.077,169.704,True,
H_0501,STAND_UP,27722799356775,,,,0.215,79.206,90.26,169.7,True,
H_0502,STAND_UP,27723069533622,,,,0.185,79.173,89.835,169.214,True,
H_0503,STAND_UP,27723339267812,,,,0.189,79.154,90.383,169.746,True,
H_0504,STAND_UP,27723609498057,,,,0.193,79.115,90.171,169.501,True,
H_0505,STAND_UP,27723879445346,,,,0.184,79.015,90.085,169.303,True,
H_0506,STAND_UP,27724149262180,,,,0.202,79.358,90.243,169.824,True,
H_0507,STAND_UP,27724419612688,,,,0.206,78.782,90.359,169.367,True,
H_0508,STAND_UP,27724689276312,,,,0.198,79.434,90.035,169.685,True,
H_0509,STAND_UP,27724959461881,,,,0.184,79.176,91.187,170.567,True,
H_0510,STAND_UP,27725230543610,,,,0.208,78.319,89.867,168.414,True,
H_0511,STAND_UP,27725499369029,,,,0.209,79.415,89.899,169.542,True,
H_0512,STAND_UP,27725769397732,,,,0.181,79.394,89.826,169.422,True,
H_0513,STAND_UP,27726039245096,,,,0.175,79.37,90.168,169.735,True,
H_0514,STAND_UP,27726309508415,,,,0.256,79.02,90.217,169.516,True,
H_0515,STAND_UP,27726579580474,,,,0.251,79.092,90.923,170.29,True,
H_0516,STAND_UP,27726850530498,,,,0.2,78.013,90.202,168.434,True,
H_0517,STAND_UP,27727119461403,,,,0.205,79.32,89.785,169.331,True,
H_0518,STAND_UP,27727389216068,,,,0.206,79.597,90.161,169.986,True,
H_0519,STAND_UP,27727659504978,,,,0.188,124.144,90.213,214.565,True,
H_0520,STAND_UP,27727974564431,,,,0.195,79.054,90.091,169.36,True,
H_0521,STAND_UP,27728244443727,,,,0.209,79.378,90.019,169.626,True,
H_0522,STAND_UP,27728514339359,,,,0.184,79.379,90.079,169.662,True,
H_0523,STAND_UP,27728784475123,,,,0.201,79.423,89.816,169.459,True,
H_0524,STAND_UP,27729054430021,,,,0.199,79.182,90.372,169.783,True,
H_0525,STAND_UP,27729324517632,,,,0.196,79.186,89.817,169.223,True,
H_0526,STAND_UP,27729594202564,,,,0.256,124.311,90.155,214.746,True,
H_0527,STAND_UP,27729909540654,,,,0.264,79.129,90.0,169.417,True,
H_0528,STAND_UP,27730179291417,,,,0.233,79.203,90.971,170.432,True,
H_0529,STAND_UP,27730450099833,,,,0.277,78.387,90.156,168.849,True,
H_0530,STAND_UP,27730719443911,,,,0.176,79.023,90.28,169.503,True,
H_0531,STAND_UP,27730989579313,,,,0.248,78.943,90.202,169.417,True,
H_0532,STAND_UP,27731259669422,,,,0.185,78.836,91.281,170.325,True,
H_0533,STAND_UP,27731530581968,,,,0.255,78.126,89.947,168.353,True,
H_0534,STAND_UP,27731799490585,,,,0.257,79.205,89.856,169.342,True,
H_0535,STAND_UP,27732069303000,,,,0.288,79.36,89.979,169.649,True,
H_0536,STAND_UP,27732339411946,,,,0.258,79.017,90.225,169.525,True,
H_0537,STAND_UP,27732609458007,,,,0.386,80.098,89.53,170.037,True,
H_0538,STAND_UP,27732879954109,,,,0.261,78.738,89.889,168.913,True,
H_0539,STAND_UP,27733149409846,,,,0.249,80.241,89.885,170.4,True,
H_0540,STAND_UP,27733420360395,,,,0.383,78.071,90.361,168.837,True,
H_0541,STAND_UP,27733689405573,,,,0.263,79.033,90.244,169.564,True,
H_0542,STAND_UP,27733959529418,,,,0.261,79.248,89.657,169.188,True,
H_0543,STAND_UP,27734229167153,,,,0.2,79.543,90.068,169.83,True,
H_0544,STAND_UP,27734499480378,,,,0.168,125.329,89.115,214.631,True,
H_0545,STAND_UP,27734814454500,,,,0.163,79.312,90.129,169.624,True,
H_0546,STAND_UP,27735084629383,,,,0.188,124.015,90.069,214.291,True,
H_0547,STAND_UP,27735399211308,,,,0.176,79.66,89.963,169.82,True,
H_0548,STAND_UP,27735669522964,,,,0.178,79.268,90.077,169.542,True,
H_0549,STAND_UP,27735939402587,,,,0.181,79.258,89.995,169.454,True,
H_0550,STAND_UP,27736209287847,,,,0.188,79.326,90.313,169.849,True,
H_0551,STAND_UP,27736479610437,,,,0.18,79.197,90.148,169.543,True,
H_0552,STAND_UP,27736749639435,,,,0.178,78.98,90.214,169.389,True,
H_0553,STAND_UP,27737019542662,,,,0.182,79.37,90.017,169.589,True,
H_0554,STAND_UP,27737289482102,,,,0.178,79.355,89.909,169.461,True,
H_0555,STAND_UP,27737559460374,,,,0.192,79.038,90.291,169.542,True,
H_0556,STAND_UP,27737829282501,,,,0.182,79.314,90.275,169.792,True,
H_0557,STAND_UP,27738099581609,,,,0.156,79.175,90.105,169.454,True,
H_0558,STAND_UP,27738369554522,,,,0.187,79.216,90.146,169.571,True,
H_0559,STAND_UP,27738639561509,,,,0.168,79.184,89.832,169.204,True,
H_0560,STAND_UP,27738909283994,,,,0.196,79.232,90.15,169.598,True,
H_0561,STAND_UP,27739179379168,,,,0.204,79.328,90.824,170.376,True,
H_0562,STAND_UP,27739450233452,,,,0.203,78.226,89.906,168.356,True,
H_0563,STAND_UP,27739719077140,,,,0.273,79.26,91.455,171.012,True,
H_0564,STAND_UP,27739990578050,,,,0.267,78.179,89.987,168.457,True,
H_0565,STAND_UP,27740259580388,,,,0.267,78.885,90.107,169.283,True,
H_0566,STAND_UP,27740529186397,,,,0.246,79.06,90.217,169.549,True,
H_0567,STAND_UP,27740799127692,,,,0.278,79.226,90.225,169.754,True,
H_0568,STAND_UP,27741069439261,,,,0.27,79.392,89.99,169.674,True,
H_0569,STAND_UP,27741339534694,,,,0.199,78.995,90.402,169.619,True,
H_0570,STAND_UP,27741609461895,,,,0.177,79.327,89.838,169.361,True,
H_0571,STAND_UP,27741879299727,,,,0.175,79.439,90.186,169.818,True,
H_0572,STAND_UP,27742149417986,,,,0.173,79.202,90.03,169.423,True,
H_0573,STAND_UP,27742419285097,,,,0.204,79.535,90.101,169.858,True,
H_0574,STAND_UP,27742689574372,,,,0.167,79.338,90.007,169.531,True,
H_0575,STAND_UP,27742959640796,,,,0.182,78.85,90.348,169.4,True,
H_0576,STAND_UP,27743229558421,,,,0.183,78.979,90.101,169.285,True,
H_0577,STAND_UP,27743499337476,,,,0.177,79.424,89.681,169.302,True,
H_0578,STAND_UP,27743769179673,,,,0.218,79.369,90.262,169.869,True,
H_0579,STAND_UP,27744039504362,,,,0.208,79.29,89.956,169.473,True,
H_0580,STAND_UP,27744309414784,,,,0.185,79.021,90.429,169.654,True,
H_0581,STAND_UP,27744579397565,,,,0.178,78.872,90.46,169.53,True,
H_0582,STAND_UP,27744849435088,,,,0.178,79.225,89.793,169.217,True,
H_0583,STAND_UP,27745119198779,,,,0.215,79.52,89.817,169.572,True,
H_0584,STAND_UP,27745389145536,,,,0.182,79.666,89.851,169.718,True,
H_0585,STAND_UP,27745659226519,,,,0.201,79.449,89.931,169.603,True,
H_0586,STAND_UP,27745929294757,,,,0.175,79.6,89.906,169.701,True,
H_0587,STAND_UP,27746199477048,,,,0.18,79.448,89.844,169.492,True,
H_0588,STAND_UP,27746469489893,,,,0.179,79.416,89.815,169.428,True,
H_0589,STAND_UP,27746739428480,,,,0.203,79.325,90.095,169.643,True,
H_0590,STAND_UP,27747009548299,,,,0.187,79.215,90.204,169.624,True,
H_0591,STAND_UP,27747279471140,,,,0.173,79.187,90.138,169.519,True,
H_0592,STAND_UP,27747549404370,,,,0.18,79.297,89.983,169.48,True,
H_0593,STAND_UP,27747819376931,,,,0.207,79.243,90.284,169.754,True,
H_0594,STAND_UP,27748089538664,,,,0.179,79.154,90.107,169.46,True,
H_0595,STAND_UP,27748359469759,,,,0.207,79.395,89.955,169.575,True,
H_0596,STAND_UP,27748629528591,,,,0.193,79.16,89.989,169.362,True,
H_0597,STAND_UP,27748899360248,,,,0.183,79.237,90.042,169.482,True,
H_0598,STAND_UP,27749169216180,,,,0.197,79.45,90.144,169.81,True,
H_0599,STAND_UP,27749439465468,,,,0.192,79.265,89.837,169.312,True,
H_0600,STAND_UP,27749709154218,,,,0.176,79.636,90.22,170.054,True,
H_0601,STAND_UP,27749979527819,,,,0.188,79.219,90.207,169.633,True,
H_0602,STAND_UP,27750249641854,,,,0.182,79.117,89.871,169.189,True,
H_0603,STAND_UP,27750519312530,,,,0.191,79.455,89.744,169.41,True,
H_0604,STAND_UP,27750789343928,,,,0.322,79.44,89.589,169.373,True,
H_0605,STAND_UP,27751058959778,,,,0.214,79.277,90.137,169.655,True,
H_0606,STAND_UP,27751329350115,,,,0.397,79.376,89.882,169.675,True,
H_0607,STAND_UP,27751599207386,,,,0.188,79.502,90.065,169.774,True,
H_0608,STAND_UP,27751869447972,,,,0.175,79.174,90.255,169.622,True,
H_0609,STAND_UP,27752139604081,,,,0.208,78.917,90.276,169.424,True,
H_0610,STAND_UP,27752409504086,,,,0.196,79.077,89.942,169.235,True,
H_0611,STAND_UP,27752679163731,,,,0.177,79.225,90.109,169.531,True,
H_0612,STAND_UP,27752949186370,,,,0.21,79.188,90.037,169.454,True,
H_0613,STAND_UP,27753219083689,,,,0.195,79.382,90.013,169.61,True,
H_0614,STAND_UP,27753489210518,,,,0.195,80.152,89.24,169.608,True,
H_0615,STAND_UP,27753759280488,,,,0.177,79.252,89.92,169.369,True,
H_0616,STAND_UP,27754029176019,,,,0.186,79.201,90.26,169.666,True,
H_0617,STAND_UP,27754299298573,,,,0.187,79.352,89.883,169.442,True,
H_0618,STAND_UP,27754569195587,,,,0.175,79.375,90.798,170.367,True,
H_0619,STAND_UP,27754840046872,,,,0.197,78.428,90.213,168.859,True,
H_0620,STAND_UP,27755109370569,,,,0.196,79.02,90.011,169.248,True,
H_0621,STAND_UP,27755379139129,,,,0.191,79.069,90.196,169.478,True,
H_0622,STAND_UP,27755649166122,,,,0.264,79.384,89.902,169.578,True,
H_0623,STAND_UP,27755919224250,,,,0.194,79.399,90.033,169.647,True,
H_0624,STAND_UP,27756189287679,,,,0.175,79.34,89.879,169.414,True,
H_0625,STAND_UP,27756459236303,,,,0.207,79.3,90.253,169.781,True,
H_0626,STAND_UP,27756729406626,,,,0.168,78.978,90.339,169.504,True,
H_0627,STAND_UP,27756999352407,,,,0.18,79.176,90.221,169.598,True,
H_0628,STAND_UP,27757269464131,,,,0.185,79.088,90.083,169.376,True,
H_0629,STAND_UP,27757539279789,,,,0.174,79.388,90.135,169.715,True,
H_0630,STAND_UP,27757809426124,,,,0.176,79.039,90.034,169.267,True,
H_0631,STAND_UP,27758079212859,,,,0.176,79.247,90.321,169.764,True,
H_0632,STAND_UP,27758349471030,,,,0.171,79.942,89.421,169.58,True,
H_0633,STAND_UP,27758619556281,,,,0.182,79.207,89.873,169.282,True,
H_0634,STAND_UP,27758889307979,,,,0.196,79.195,90.134,169.545,True,
H_0635,STAND_UP,27759159308368,,,,0.173,79.202,90.065,169.459,True,
H_0636,STAND_UP,27759429278979,,,,0.177,79.331,89.882,169.409,True,
H_0637,STAND_UP,27759699207608,,,,0.198,80.168,89.14,169.526,True,
H_0638,STAND_UP,27759969237708,,,,0.2,79.32,90.212,169.752,True,
H_0639,STAND_UP,27760239474896,,,,0.195,78.974,90.078,169.267,True,
H_0640,STAND_UP,27760509199381,,,,0.215,79.522,90.662,170.423,True,
H_0641,STAND_UP,27760780056444,,,,0.267,79.465,134.267,214.025,True,
H_0642,STAND_UP,27761094557232,,,,0.249,79.023,89.794,169.09,True,
H_0643,STAND_UP,27761363983216,,,,0.237,79.411,91.0,170.673,True,
H_0644,STAND_UP,27761635110780,,,,0.267,78.512,89.939,168.739,True,
H_0645,STAND_UP,27761904135964,,,,0.189,79.677,89.863,169.749,True,
H_0646,STAND_UP,27762174395968,,,,0.202,79.456,89.833,169.511,True,
H_0647,STAND_UP,27762444414117,,,,0.185,79.394,89.915,169.514,True,
H_0648,STAND_UP,27762714370816,,,,0.196,79.234,90.073,169.522,True,
H_0649,STAND_UP,27762984408676,,,,0.203,79.246,90.099,169.568,True,
H_0650,STAND_UP,27763254485841,,,,0.178,79.242,90.078,169.518,True,
H_0651,STAND_UP,27763524376813,,,,0.163,80.116,90.187,170.486,True,
H_0652,STAND_UP,27763795383186,,,,0.204,78.525,89.844,168.591,True,
H_0653,STAND_UP,27764064393904,,,,0.179,80.417,89.114,169.728,True,
H_0654,STAND_UP,27764334432038,,,,0.175,79.324,90.04,169.567,True,
H_0655,STAND_UP,27764604492328,,,,0.24,124.032,90.102,214.394,True,
H_0656,STAND_UP,27764919326110,,,,0.199,79.475,90.052,169.745,True,
H_0657,STAND_UP,27765189541622,,,,0.18,79.297,89.798,169.295,True,
H_0658,STAND_UP,27765459321422,,,,0.177,79.22,90.938,170.359,True,
H_0659,STAND_UP,27765730182999,,,,0.197,78.463,90.138,168.822,True,
H_0660,STAND_UP,27765999495603,,,,0.2,79.202,90.073,169.495,True,
H_0661,STAND_UP,27766269435085,,,,0.198,79.411,90.092,169.721,True,
H_0662,STAND_UP,27766539593396,,,,0.182,78.972,90.217,169.391,True,
H_0663,STAND_UP,27766809438599,,,,0.197,79.288,90.013,169.519,True,
H_0664,STAND_UP,27767079620508,,,,0.263,79.159,89.797,169.241,True,
H_0665,STAND_UP,27767349205877,,,,0.174,79.531,89.936,169.661,True,
H_0666,STAND_UP,27767619293807,,,,0.19,80.301,89.243,169.755,True,
H_0667,STAND_UP,27767889536025,,,,0.173,79.116,90.214,169.523,True,
H_0668,STAND_UP,27768159512343,,,,0.18,79.27,90.168,169.639,True,
H_0669,STAND_UP,27768429613895,,,,0.183,79.016,90.993,170.216,True,
H_0670,STAND_UP,27768700497914,,,,0.267,79.63,88.736,168.654,True,
H_0671,STAND_UP,27768969608366,,,,0.19,78.93,90.227,169.367,True,
H_0672,STAND_UP,27769239490179,,,,0.191,79.201,90.082,169.493,True,
H_0673,STAND_UP,27769509296221,,,,0.202,79.487,90.07,169.778,True,
H_0674,STAND_UP,27769779544976,,,,0.199,79.095,89.926,169.242,True,
H_0675,STAND_UP,27770049108826,,,,0.207,79.377,90.009,169.62,True,
H_0676,STAND_UP,27770319190716,,,,0.28,79.548,90.123,169.972,True,
H_0677,STAND_UP,27770589559648,,,,0.179,79.306,89.843,169.347,True,
H_0678,STAND_UP,27770859391227,,,,0.182,80.176,89.3,169.677,True,
H_0679,STAND_UP,27771129485211,,,,0.205,79.119,89.959,169.302,True,
H_0680,STAND_UP,27771399299594,,,,0.253,79.235,91.055,170.568,True,
H_0681,STAND_UP,27771670242361,,,,0.265,78.022,90.255,168.568,True,
H_0682,STAND_UP,27771939084377,,,,0.176,80.275,89.117,169.592,True,
H_0683,STAND_UP,27772209437608,,,,0.348,79.141,90.201,169.713,True,
H_0684,STAND_UP,27772479619251,,,,0.258,78.749,90.296,169.327,True,
H_0685,STAND_UP,27772749514470,,,,0.259,78.964,90.119,169.366,True,
H_0686,STAND_UP,27773019270661,,,,0.278,79.144,90.353,169.808,True,
H_0687,STAND_UP,27773289596120,,,,0.265,79.048,89.798,169.136,True,
H_0688,STAND_UP,27773559233737,,,,0.261,80.379,89.199,169.861,True,
H_0689,STAND_UP,27773829519133,,,,0.206,79.051,90.084,169.361,True,
H_0690,STAND_UP,27774099365370,,,,0.184,79.363,89.816,169.382,True,
H_0691,STAND_UP,27774369408539,,,,0.325,80.275,89.285,169.904,True,
H_0692,STAND_UP,27774639650294,,,,0.181,79.962,89.386,169.549,True,
H_0693,STAND_UP,27774909503894,,,,0.201,79.006,90.14,169.367,True,
H_0694,STAND_UP,27775179367284,,,,0.208,79.24,90.044,169.512,True,
H_0695,STAND_UP,27775449300952,,,,0.186,79.231,90.242,169.679,True,
H_0696,STAND_UP,27775719433217,,,,0.213,79.079,90.217,169.528,True,
H_0697,STAND_UP,27775989391565,,,,0.177,79.322,90.214,169.731,True,
H_0698,STAND_UP,27776259611549,,,,0.178,79.055,90.11,169.362,True,
H_0699,STAND_UP,27776529456626,,,,0.187,79.392,89.785,169.383,True,
H_0700,STAND_UP,27776799330881,,,,0.2,79.354,90.112,169.685,True,
H_0701,STAND_UP,27777069353056,,,,0.175,79.541,89.95,169.686,True,
H_0702,STAND_UP,27777339549131,,,,0.213,79.204,90.03,169.466,True,
H_0703,STAND_UP,27777609399369,,,,0.175,80.992,88.213,169.404,True,
H_0704,STAND_UP,27777879482472,,,,0.285,79.048,91.051,170.409,True,
H_0705,STAND_UP,27778150416302,,,,0.243,78.018,90.175,168.459,True,
H_0706,STAND_UP,27778419415995,,,,0.195,79.442,89.803,169.458,True,
H_0707,STAND_UP,27778689275580,,,,0.181,79.099,90.257,169.56,True,
H_0708,STAND_UP,27778959463747,,,,0.245,78.915,90.305,169.488,True,
H_0709,STAND_UP,27779229416853,,,,0.242,79.121,90.41,169.796,True,
H_0710,STAND_UP,27779499594592,,,,0.185,124.115,90.236,214.557,True,
H_0711,STAND_UP,27779814593519,,,,0.194,79.097,89.966,169.282,True,
H_0712,STAND_UP,27780084491553,,,,0.256,79.214,89.905,169.4,True,
H_0713,STAND_UP,27780354196411,,,,0.214,79.374,90.066,169.677,True,
H_0714,STAND_UP,27780624449192,,,,0.231,79.059,89.935,169.249,True,
H_0715,STAND_UP,27780894360012,,,,0.367,79.305,90.111,169.806,True,
H_0716,STAND_UP,27781164614558,,,,0.255,123.861,90.114,214.255,True,
H_0717,STAND_UP,27781479404130,,,,0.245,80.992,88.121,169.383,True,
H_0718,STAND_UP,27781749330911,,,,0.18,79.228,89.896,169.339,True,
H_0719,STAND_UP,27782019137266,,,,0.279,79.199,91.237,170.741,True,
H_0720,STAND_UP,27782290254810,,,,0.279,78.327,91.03,169.661,True,
H_0721,STAND_UP,27782560475895,,,,0.263,77.904,90.347,168.539,True,
H_0722,STAND_UP,27782829666039,,,,0.359,80.005,89.087,169.475,True,
H_0723,STAND_UP,27783099398227,,,,0.259,79.043,90.02,169.345,True,
H_0724,STAND_UP,27783369319177,,,,0.365,79.231,90.367,169.983,True,
H_0725,STAND_UP,27783639552967,,,,0.193,79.014,90.302,169.529,True,
H_0726,STAND_UP,27783909554010,,,,0.172,124.108,90.127,214.426,True,
H_0727,STAND_UP,27784224431348,,,,0.184,80.22,89.142,169.566,True,
H_0728,STAND_UP,27784494449947,,,,0.187,79.182,90.119,169.51,True,
H_0729,STAND_UP,27784764387561,,,,0.182,79.263,90.75,170.215,True,
H_0730,STAND_UP,27785035090349,,,,0.257,78.576,89.749,168.607,True,
H_0731,STAND_UP,27785304293297,,,,0.467,79.382,89.943,169.817,True,
H_0732,STAND_UP,27785574464812,,,,0.26,79.078,90.014,169.376,True,
H_0733,STAND_UP,27785844296432,,,,0.317,124.353,89.991,214.684,True,
H_0734,STAND_UP,27786159481028,,,,0.263,79.208,90.845,170.34,True,
H_0735,STAND_UP,27786430503079,,,,0.385,78.055,90.298,168.76,True,
H_0736,STAND_UP,27786699485529,,,,0.24,79.013,90.122,169.401,True,
H_0737,STAND_UP,27786969460775,,,,0.267,79.043,90.185,169.52,True,
H_0738,STAND_UP,27787239538101,,,,0.267,79.925,89.291,169.505,True,
H_0739,STAND_UP,27787509609837,,,,0.273,78.955,89.942,169.195,True,
H_0740,STAND_UP,27787779437033,,,,0.347,79.35,89.864,169.58,True,
H_0741,STAND_UP,27788049354411,,,,0.2,79.271,90.241,169.732,True,
H_0742,STAND_UP,27788319590392,,,,0.176,79.005,90.023,169.228,True,
H_0743,STAND_UP,27788589430076,,,,0.325,79.097,90.013,169.458,True,
H_0744,STAND_UP,27788859397866,,,,0.43,79.266,90.028,169.747,True,
H_0745,STAND_UP,27789129409736,,,,0.19,79.299,89.992,169.505,True,
H_0746,STAND_UP,27789399561877,,,,0.259,78.831,90.364,169.478,True,
H_0747,STAND_UP,27789669386955,,,,0.275,79.294,89.859,169.453,True,
H_0748,STAND_UP,27789939188933,,,,0.266,79.617,90.079,169.987,True,
H_0749,STAND_UP,27790209707373,,,,0.274,78.961,90.018,169.278,True,
H_0750,STAND_UP,27790479249288,,,,0.181,79.562,90.08,169.842,True,
H_0751,STAND_UP,27790749573309,,,,0.188,78.932,90.174,169.315,True,
H_0752,STAND_UP,27791019471064,,,,0.321,79.327,90.03,169.697,True,
H_0753,STAND_UP,27791289516825,,,,0.206,80.223,88.823,169.27,True,
H_0754,STAND_UP,27791559129922,,,,0.199,79.665,89.722,169.604,True,
H_0755,STAND_UP,27791829207328,,,,0.189,79.542,90.074,169.826,True,
H_0756,STAND_UP,27792099347671,,,,0.17,79.251,90.202,169.643,True,
H_0757,STAND_UP,27792369385382,,,,0.167,80.001,88.972,169.163,True,
H_0758,STAND_UP,27792638907247,,,,0.207,79.614,90.11,169.956,True,
H_0759,STAND_UP,27792909316050,,,,0.276,124.292,89.852,214.445,True,
H_0760,STAND_UP,27793224163060,,,,0.272,79.479,90.099,169.875,True,
H_0761,STAND_UP,27793494526921,,,,0.323,79.057,90.139,169.543,True,
H_0762,STAND_UP,27793764547220,,,,0.235,79.047,90.038,169.343,True,
H_0763,STAND_UP,27794034461882,,,,0.246,78.935,90.066,169.271,True,
H_0764,STAND_UP,27794304423041,,,,0.382,78.891,90.429,169.725,True,
H_0765,STAND_UP,27794574442866,,,,0.252,79.464,90.802,170.539,True,
H_0766,STAND_UP,27794845411270,,,,0.313,78.401,89.496,168.23,True,
H_0767,STAND_UP,27795113998891,,,,0.197,79.802,90.2,170.226,True,
H_0768,STAND_UP,27795384515263,,,,0.179,79.13,90.266,169.595,True,
H_0769,STAND_UP,27795654554313,,,,0.174,79.908,89.432,169.532,True,
H_0770,STAND_UP,27795924508921,,,,0.171,79.232,90.083,169.505,True,
H_0771,STAND_UP,27796194528946,,,,0.215,79.266,90.028,169.528,True,
H_0772,STAND_UP,27796464320763,,,,0.167,79.389,89.992,169.567,True,
H_0773,STAND_UP,27796734418941,,,,0.203,79.445,89.856,169.523,True,
H_0774,STAND_UP,27797004446989,,,,0.184,79.261,90.103,169.566,True,
H_0775,STAND_UP,27797274543372,,,,0.179,78.989,90.441,169.628,True,
H_0776,STAND_UP,27797544592489,,,,0.179,79.231,90.752,170.181,True,
H_0777,STAND_UP,27797815256557,,,,0.182,78.62,90.088,168.911,True,
H_0778,STAND_UP,27798084623980,,,,0.172,79.205,89.926,169.324,True,
H_0779,STAND_UP,27798354489542,,,,0.212,78.99,90.452,169.673,True,
H_0780,STAND_UP,27798624638671,,,,0.175,78.982,90.196,169.375,True,
H_0781,STAND_UP,27798894535316,,,,0.18,79.389,90.008,169.597,True,
H_0782,STAND_UP,27799164820251,,,,0.257,79.077,90.054,169.409,True,
H_0783,STAND_UP,27799434591706,,,,0.184,79.017,91.16,170.381,True,
H_0784,STAND_UP,27799705384894,,,,0.177,78.268,90.247,168.712,True,
H_0785,STAND_UP,27799974614919,,,,0.184,78.693,90.294,169.192,True,
H_0786,STAND_UP,27800244280879,,,,0.173,79.124,90.359,169.677,True,
H_0787,STAND_UP,27800514596307,,,,0.257,78.896,90.104,169.282,True,
H_0788,STAND_UP,27800784371004,,,,0.245,79.014,90.322,169.606,True,
H_0789,STAND_UP,27801054566384,,,,0.274,79.123,90.094,169.515,True,
H_0790,STAND_UP,27801324659758,,,,0.272,78.772,91.049,170.117,True,
H_0791,STAND_UP,27801595529160,,,,0.469,78.078,91.051,169.622,True,
H_0792,STAND_UP,27801865526993,,,,0.257,78.934,89.129,168.346,True,
H_0793,STAND_UP,27802134326976,,,,0.279,79.367,89.915,169.585,True,
H_0794,STAND_UP,27802404265574,,,,0.269,79.809,89.681,169.782,True,
H_0795,STAND_UP,27802674559064,,,,0.235,78.724,90.12,169.104,True,
H_0796,STAND_UP,27802944073422,,,,0.286,79.215,91.134,170.661,True,
H_0797,STAND_UP,27803215268002,,,,0.394,78.343,90.044,168.803,True,
H_0798,STAND_UP,27803484340786,,,,0.205,79.373,90.043,169.64,True,
H_0799,STAND_UP,27803754482377,,,,0.193,79.2,90.724,170.138,True,
H_0800,STAND_UP,27804025053059,,,,0.203,78.491,90.202,168.919,True,
H_0801,STAND_UP,27804294406282,,,,0.263,79.262,89.82,169.37,True,
H_0802,STAND_UP,27804564471599,,,,0.181,79.2,89.871,169.274,True,
H_0803,STAND_UP,27804834373513,,,,0.328,79.19,89.837,169.377,True,
H_0804,STAND_UP,27805104232698,,,,0.258,79.239,90.283,169.805,True,
H_0805,STAND_UP,27805374617656,,,,0.262,78.792,90.213,169.291,True,
H_0806,STAND_UP,27805644514496,,,,0.379,78.882,91.034,170.318,True,
H_0807,STAND_UP,27805915262119,,,,0.266,78.308,89.948,168.545,True,
H_0808,STAND_UP,27806184271116,,,,0.302,79.375,89.814,169.515,True,
H_0809,STAND_UP,27806454459768,,,,0.386,78.985,90.03,169.425,True,
H_0810,STAND_UP,27806724124174,,,,0.273,79.371,90.259,169.928,True,
H_0811,STAND_UP,27806994393343,,,,0.26,79.091,90.171,169.546,True,
H_0812,STAND_UP,27807264495238,,,,0.259,79.078,90.206,169.566,True,
H_0813,STAND_UP,27807534487893,,,,0.257,79.783,89.237,169.303,True,
H_0814,STAND_UP,27807804194069,,,,0.263,124.261,90.295,214.844,True,
H_0815,STAND_UP,27808119569386,,,,0.256,79.14,90.048,169.466,True,
H_0816,STAND_UP,27808389588071,,,,0.254,78.979,90.07,169.326,True,
H_0817,STAND_UP,27808659474965,,,,0.259,78.956,90.205,169.445,True,
H_0818,STAND_UP,27808929501580,,,,0.261,78.933,90.332,169.552,True,
H_0819,STAND_UP,27809199635776,,,,0.263,78.893,90.276,169.455,True,
H_0820,STAND_UP,27809469533245,,,,0.198,79.21,90.059,169.488,True,
H_0821,STAND_UP,27809739476258,,,,0.235,79.889,89.313,169.462,True,
H_0822,STAND_UP,27810009386535,,,,0.241,78.879,90.46,169.606,True,
H_0823,STAND_UP,27810279391608,,,,0.2,79.11,90.09,169.426,True,
H_0824,STAND_UP,27810549440120,,,,0.258,125.109,89.247,214.638,True,
H_0825,STAND_UP,27810864406806,,,,0.268,78.95,91.135,170.377,True,
H_0826,STAND_UP,27811135198641,,,,0.182,78.377,89.888,168.473,True,
H_0827,STAND_UP,27811404072181,,,,0.188,79.499,90.008,169.715,True,
H_0828,STAND_UP,27811674181693,,,,0.185,79.371,89.932,169.509,True,
H_0829,STAND_UP,27811944146637,,,,0.292,79.111,90.196,169.622,True,
H_0830,STAND_UP,27812214187556,,,,0.288,79.226,90.381,169.919,True,
H_0831,STAND_UP,27812484376987,,,,0.262,79.297,89.833,169.416,True,
H_0832,STAND_UP,27812754394529,,,,0.187,80.218,88.799,169.227,True,
H_0833,STAND_UP,27813024053633,,,,0.263,79.288,90.043,169.616,True,
H_0834,STAND_UP,27813294098781,,,,0.317,79.144,90.354,169.839,True,
H_0835,STAND_UP,27813564201023,,,,0.18,79.231,90.017,169.447,True,
H_0836,STAND_UP,27813834173300,,,,0.211,79.414,90.082,169.728,True,
H_0837,STAND_UP,27814104252547,,,,0.209,78.998,90.253,169.481,True,
H_0838,STAND_UP,27814374122387,,,,0.254,79.219,90.111,169.606,True,
H_0839,STAND_UP,27814644205683,,,,0.249,79.283,89.951,169.507,True,
H_0840,STAND_UP,27814914207549,,,,0.248,79.387,90.783,170.441,True,
H_0841,STAND_UP,27815184953104,,,,0.19,78.78,90.002,168.991,True,
H_0842,STAND_UP,27815454364582,,,,0.173,78.965,90.053,169.213,True,
H_0843,STAND_UP,27815724310139,,,,0.2,78.969,90.473,169.672,True,
H_0844,STAND_UP,27815994396955,,,,0.269,79.101,90.263,169.657,True,
H_0845,STAND_UP,27816264587781,,,,0.27,79.084,135.721,215.098,True,
H_0846,STAND_UP,27816579925152,,,,0.191,79.409,89.224,168.847,True,
H_0847,STAND_UP,27816849080229,,,,0.196,79.307,90.933,170.457,True,
H_0848,STAND_UP,27817119875104,,,,0.186,78.592,90.123,168.921,True,
H_0849,STAND_UP,27817389280121,,,,0.172,79.541,89.995,169.726,True,
H_0850,STAND_UP,27817659423080,,,,0.17,79.078,90.268,169.537,True,
H_0851,STAND_UP,27817929456990,,,,0.17,79.325,90.037,169.552,True,
H_0852,STAND_UP,27818199492645,,,,0.201,79.372,90.088,169.68,True,
H_0853,STAND_UP,27818469736508,,,,0.184,78.878,90.141,169.224,True,
H_0854,STAND_UP,27818739461471,,,,0.201,79.236,90.17,169.626,True,
H_0855,STAND_UP,27819009579005,,,,0.197,79.261,90.119,169.599,True,
H_0856,STAND_UP,27819279583533,,,,0.167,79.096,91.066,170.352,True,
H_0857,STAND_UP,27819550462399,,,,0.259,77.859,91.23,169.376,True,
H_0858,STAND_UP,27819820266396,,,,0.31,78.16,90.149,168.642,True,
H_0859,STAND_UP,27820089405315,,,,0.253,78.871,90.533,169.682,True,
H_0860,STAND_UP,27820359694708,,,,0.279,78.828,90.004,169.134,True,
H_0861,STAND_UP,27820629335574,,,,0.399,79.1,90.184,169.718,True,
H_0862,STAND_UP,27820899299181,,,,0.255,79.198,90.093,169.57,True,
H_0863,STAND_UP,27821169399240,,,,0.284,79.288,90.008,169.603,True,
H_0864,STAND_UP,27821439514768,,,,0.272,80.157,89.0,169.454,True,
H_0865,STAND_UP,27821709514277,,,,0.26,79.145,90.164,169.593,True,
H_0866,STAND_UP,27821979603370,,,,0.257,78.931,90.075,169.287,True,
H_0867,STAND_UP,27822249424445,,,,0.243,79.094,90.033,169.394,True,
H_0868,STAND_UP,27822519366067,,,,0.242,79.204,90.044,169.513,True,
H_0869,STAND_UP,27822789449139,,,,0.273,78.926,90.103,169.33,True,
H_0870,STAND_UP,27823059407045,,,,0.373,79.192,90.157,169.744,True,
H_0871,STAND_UP,27823329481836,,,,0.209,79.425,89.654,169.31,True,
H_0872,STAND_UP,27823599205686,,,,0.266,79.029,91.155,170.476,True,
H_0873,STAND_UP,27823870091959,,,,0.28,123.419,90.24,213.964,True,
H_0874,STAND_UP,27824184624427,,,,0.269,79.06,89.837,169.19,True,
H_0875,STAND_UP,27824454289505,,,,0.259,79.427,90.1,169.81,True,
H_0876,STAND_UP,27824724596605,,,,0.264,78.91,90.181,169.38,True,
H_0877,STAND_UP,27824994539433,,,,0.267,79.133,90.09,169.523,True,
H_0878,STAND_UP,27825264606427,,,,0.264,79.192,89.706,169.183,True,
H_0879,STAND_UP,27825534148099,,,,0.294,79.459,90.155,169.93,True,
H_0880,STAND_UP,27825804330445,,,,0.173,124.245,90.391,214.829,True,
H_0881,STAND_UP,27826119572931,,,,0.2,79.05,89.977,169.245,True,
H_0882,STAND_UP,27826389313123,,,,0.209,79.563,90.089,169.881,True,
H_0883,STAND_UP,27826659669105,,,,0.181,79.424,89.774,169.4,True,
H_0884,STAND_UP,27826929575033,,,,0.184,79.218,89.693,169.115,True,
H_0885,STAND_UP,27827199184597,,,,0.189,79.693,90.021,169.923,True,
H_0886,STAND_UP,27827469615977,,,,0.176,78.843,90.446,169.486,True,
H_0887,STAND_UP,27827739501859,,,,0.243,79.2,89.869,169.335,True,
H_0888,STAND_UP,27828009316937,,,,0.344,79.279,90.175,169.821,True,
H_0889,STAND_UP,27828279660400,,,,0.249,78.725,90.253,169.251,True,
H_0890,STAND_UP,27828549378251,,,,0.261,80.192,88.985,169.463,True,
H_0891,STAND_UP,27828819275279,,,,0.263,79.189,90.294,169.771,True,
H_0892,STAND_UP,27829089586286,,,,0.253,79.023,90.139,169.439,True,
H_0893,STAND_UP,27829359559499,,,,0.247,78.993,90.218,169.48,True,
H_0894,STAND_UP,27829629464348,,,,0.176,79.306,89.995,169.497,True,
H_0895,STAND_UP,27829899416796,,,,0.174,80.267,89.241,169.702,True,
H_0896,STAND_UP,27830169653343,,,,0.183,78.935,89.966,169.105,True,
H_0897,STAND_UP,27830439339088,,,,0.19,79.334,90.286,169.83,True,
H_0898,STAND_UP,27830709676287,,,,0.177,79.978,89.208,169.385,True,
H_0899,STAND_UP,27830979576449,,,,0.241,78.915,90.048,169.229,True,
H_0900,STAND_UP,27831249383769,,,,0.259,80.162,88.905,169.35,True,
H_0901,STAND_UP,27831519204124,,,,0.25,79.307,90.911,170.492,True,
H_0902,STAND_UP,27831790167589,,,,0.252,78.511,90.083,168.871,True,
H_0903,STAND_UP,27832059607998,,,,0.256,79.03,89.967,169.274,True,
H_0904,STAND_UP,27832329426988,,,,0.394,79.17,90.154,169.743,True,
H_0905,STAND_UP,27832599441319,,,,0.256,78.961,90.289,169.531,True,
H_0906,STAND_UP,27832869665950,,,,0.394,79.007,89.931,169.356,True,
H_0907,STAND_UP,27833139452310,,,,0.256,79.106,90.074,169.461,True,
H_0908,STAND_UP,27833409466398,,,,0.251,79.088,90.014,169.377,True,
H_0909,STAND_UP,27833679385103,,,,0.248,124.002,89.99,214.275,True,
H_0910,STAND_UP,27833994026336,,,,0.261,79.226,90.103,169.617,True,
H_0911,STAND_UP,27834263948886,,,,0.197,79.682,89.985,169.885,True,
H_0912,STAND_UP,27834534345306,,,,0.205,79.176,89.828,169.232,True,
H_0913,STAND_UP,27834803956250,,,,0.251,80.348,89.37,169.992,True,
H_0914,STAND_UP,27835074321503,,,,0.177,124.578,89.604,214.382,True,
H_0915,STAND_UP,27835389043446,,,,0.193,81.375,89.106,170.698,True,
H_0916,STAND_UP,27835660161611,,,,0.197,79.155,90.115,169.487,True,
H_0917,STAND_UP,27835930019677,,,,0.219,78.203,90.047,168.493,True,
H_0918,STAND_UP,27836198829822,,,,0.18,79.556,90.401,170.158,True,
H_0919,STAND_UP,27836469398752,,,,0.162,79.322,89.983,169.487,True,
H_0920,STAND_UP,27836739299108,,,,0.214,124.028,91.063,215.33,True,
H_0921,STAND_UP,27837055354202,,,,0.38,77.987,91.114,169.501,True,
H_0922,STAND_UP,27837325157675,,,,0.192,78.3,90.988,169.504,True,
H_0923,STAND_UP,27837595194032,,,,0.287,78.077,91.058,169.446,True,
H_0924,STAND_UP,27837864878846,,,,0.18,79.501,89.988,169.691,True,
H_0925,STAND_UP,27838134937897,,,,0.178,79.405,88.934,168.537,True,
H_0926,STAND_UP,27838403868668,,,,0.207,79.494,90.357,170.079,True,
H_0927,STAND_UP,27838674433288,,,,0.168,123.908,90.168,214.268,True,
H_0928,STAND_UP,27838989186124,,,,0.19,79.241,89.961,169.416,True,
H_0929,STAND_UP,27839259079223,,,,0.301,79.224,91.1,170.652,True,
H_0930,STAND_UP,27839530076346,,,,0.281,78.431,90.099,168.836,True,
H_0931,STAND_UP,27839799392552,,,,0.261,78.981,90.051,169.318,True,
H_0932,STAND_UP,27840069110048,,,,0.278,79.313,90.056,169.672,True,
H_0933,STAND_UP,27840339251588,,,,0.274,79.103,90.216,169.614,True,
H_0934,STAND_UP,27840609204686,,,,0.183,79.159,90.159,169.522,True,
H_0935,STAND_UP,27840879098326,,,,0.2,79.275,90.562,170.057,True,
H_0936,STAND_UP,27841149639339,,,,0.184,78.747,90.209,169.159,True,
H_0937,STAND_UP,27841419134677,,,,0.197,79.707,89.827,169.752,True,
H_0938,STAND_UP,27841689388146,,,,0.178,79.285,89.937,169.42,True,
H_0939,STAND_UP,27841959321413,,,,0.199,79.871,89.059,169.15,True,
H_0940,STAND_UP,27842228814736,,,,0.195,79.379,90.118,169.712,True,
H_0941,STAND_UP,27842498847385,,,,0.182,79.515,89.929,169.656,True,
H_0942,STAND_UP,27842768853946,,,,0.172,79.436,90.074,169.702,True,
H_0943,STAND_UP,27843038940562,,,,0.176,80.45,89.41,170.056,True,
H_0944,STAND_UP,27843309461017,,,,0.215,79.898,89.23,169.366,True,
H_0945,STAND_UP,27843579230982,,,,0.252,79.39,90.192,169.858,True,
H_0946,STAND_UP,27843849496641,,,,0.271,78.986,90.385,169.665,True,
H_0947,STAND_UP,27844119728818,,,,0.261,78.706,90.965,169.957,True,
H_0948,STAND_UP,27844390070007,,,,0.288,79.189,90.151,169.654,True,
H_0949,STAND_UP,27844660247836,,,,0.253,78.263,90.139,168.676,True,
H_0950,STAND_UP,27844929486360,,,,0.366,78.998,90.197,169.584,True,
H_0951,STAND_UP,27845199505124,,,,0.252,79.08,89.862,169.22,True,
H_0952,STAND_UP,27845469317597,,,,0.265,79.291,89.991,169.572,True,
H_0953,STAND_UP,27845739462560,,,,0.264,79.234,89.857,169.38,True,
H_0954,STAND_UP,27846009388246,,,,0.432,79.119,90.134,169.71,True,
H_0955,STAND_UP,27846279309298,,,,0.262,79.12,91.011,170.416,True,
H_0956,STAND_UP,27846550355662,,,,0.333,78.167,89.929,168.456,True,
H_0957,STAND_UP,27846819268414,,,,0.302,79.295,90.047,169.667,True,
H_0958,STAND_UP,27847089436978,,,,0.263,79.274,89.918,169.484,True,
H_0959,STAND_UP,27847359465875,,,,0.252,79.158,90.048,169.477,True,
H_0960,STAND_UP,27847629327139,,,,0.174,79.593,89.903,169.688,True,
H_0961,STAND_UP,27847899469496,,,,0.175,78.891,90.189,169.275,True,
H_0962,STAND_UP,27848169271680,,,,0.183,124.301,90.322,214.825,True,
H_0963,STAND_UP,27848484574306,,,,0.18,79.251,89.79,169.241,True,
H_0964,STAND_UP,27848754266358,,,,0.168,79.57,91.1,170.859,True,
H_0965,STAND_UP,27849025621039,,,,0.171,77.956,90.179,168.325,True,
H_0966,STAND_UP,27849294248959,,,,0.17,79.622,89.951,169.762,True,
H_0967,STAND_UP,27849564447222,,,,0.186,79.206,90.327,169.738,True,
H_0968,STAND_UP,27849834481796,,,,0.169,79.383,90.862,170.432,True,
H_0969,STAND_UP,27850105390099,,,,0.161,78.286,90.121,168.588,True,
H_0970,STAND_UP,27850374422724,,,,0.162,79.283,90.096,169.561,True,
H_0971,STAND_UP,27850644457705,,,,0.213,79.487,89.954,169.672,True,
H_0972,STAND_UP,27850914544234,,,,0.2,78.855,90.545,169.62,True,
H_0973,STAND_UP,27851184667913,,,,0.205,79.248,89.968,169.448,True,
H_0974,STAND_UP,27851454592862,,,,0.195,79.188,89.739,169.141,True,
H_0975,STAND_UP,27851724397502,,,,0.337,79.443,90.049,169.849,True,
H_0976,STAND_UP,27851994582730,,,,0.181,79.071,90.14,169.411,True,
H_0977,STAND_UP,27852264470686,,,,0.181,80.118,89.244,169.563,True,
H_0978,STAND_UP,27852534491847,,,,0.225,79.185,90.083,169.512,True,
H_0979,STAND_UP,27852804469676,,,,0.182,79.153,90.104,169.457,True,
H_0980,STAND_UP,27853074436939,,,,0.205,79.164,90.177,169.566,True,
H_0981,STAND_UP,27853344398147,,,,0.188,79.526,89.761,169.493,True,
H_0982,STAND_UP,27853614373751,,,,0.176,79.428,89.901,169.524,True,
H_0983,STAND_UP,27853884370943,,,,0.171,79.035,90.225,169.451,True,
H_0984,STAND_UP,27854154380161,,,,0.203,79.3,89.876,169.402,True,
H_0985,STAND_UP,27854424406288,,,,0.353,79.298,89.674,169.346,True,
H_0986,STAND_UP,27854693903916,,,,0.185,80.345,90.27,170.825,True,
H_0987,STAND_UP,27854965176888,,,,0.234,79.119,89.559,168.932,True,
H_0988,STAND_UP,27855234522692,,,,0.169,80.166,88.876,169.235,True,
H_0989,STAND_UP,27855504412948,,,,0.256,79.225,90.804,170.307,True,
H_0990,STAND_UP,27855775072928,,,,0.192,79.409,89.072,168.694,True,
H_0991,STAND_UP,27856044377732,,,,0.344,79.954,89.976,170.296,True,
H_0992,STAND_UP,27856314899719,,,,0.187,78.492,90.205,168.906,True,
H_0993,STAND_UP,27856584259852,,,,0.244,79.05,91.19,170.507,True,
H_0994,STAND_UP,27856855154100,,,,0.264,79.469,88.926,168.684,True,
H_0995,STAND_UP,27857124326481,,,,0.234,79.402,90.015,169.672,True,
H_0996,STAND_UP,27857394281243,,,,0.174,80.0,90.277,170.47,True,
H_0997,STAND_UP,27857665135352,,,,0.199,79.168,89.137,168.534,True,
H_0998,STAND_UP,27857934135296,,,,0.212,80.279,89.907,170.418,True,
H_0999,STAND_UP,27858204880146,,,,0.167,79.511,89.132,168.83,True,
H_1000,STAND_UP,27858474352059,,,,0.24,79.14,90.083,169.485,True,
